player_name,player_position,player_club,Nationality,Preferred Foot,Date of Birth,XA,XG,Assists,Goals
Max Aarons,Defender,Bournemouth,England,Right,04/01/2000,0.02,0.0,0,0
George Abbott,Midfielder,Tottenham Hotspur,England,Right,17/08/2005,0.0,0.0,0,0
Zach Abbott,Defender,Nottingham Forest,England,Right,13/05/2006,0.0,0.0,0,0
Josh Acheampong,Defender,Chelsea,England,Right,05/05/2006,0.02,0.22,0,0
Ché Adams,Forward,Southampton,England,n/a,13/07/1996,0.0,0.0,0,0
Tyler Adams,Midfielder,Bournemouth,United States,Right,14/02/1999,0.76,1.59,3,0
Tosin Adarabioyo,Defender,Chelsea,England,Right,24/09/1997,0.22,0.93,1,1
Tayo Adaramola,Defender,Crystal Palace,Ireland,Left,14/11/2003,0.0,0.0,0,0
Valintino Adedokun,Defender,Brentford,Ireland,n/a,14/02/2003,0.0,0.0,0,0
Simon Adingra,Forward,Brighton and Hove Albion,Cote d’Ivoire,Right,01/01/2002,2.79,2.46,2,2
Daniel Adu-Adjei,Forward,Bournemouth,England,Right,21/06/2005,0.0,0.0,0,0
Emmanuel Agbadou,Defender,Wolverhampton Wanderers,Cote d’Ivoire,Right,17/06/1997,0.32,0.85,0,1
Asher Agbinone,Midfielder,Crystal Palace,England,Right,28/09/2005,0.01,0.02,0,0
Nayef Aguerd,Defender,West Ham United,Morocco,Left,30/03/1996,0.0,0.0,0,0
Brandon Aguilera,Midfielder,Nottingham Forest,Costa Rica,Left,28/06/2003,0.0,0.0,0,0
Gassan Ahadme,Forward,Ipswich Town,Morocco,Right,17/11/2000,0.0,0.0,0,0
Naouirou Ahamada,Midfielder,Crystal Palace,France,Right,29/03/2002,0.0,0.0,0,0
Ola Aina,Defender,Nottingham Forest,Nigeria,Right,08/10/1996,2.22,0.64,1,2
Damola Ajayi,Forward,Tottenham Hotspur,England,Right,27/12/2005,0.0,0.0,0,0
Kristoffer Ajer,Defender,Brentford,Norway,Right,17/04/1998,0.5,0.96,0,0
Romeo Akachukwu,Midfielder,Southampton,Ireland,Right,28/07/2006,0.0,0.0,0,0
Manuel Akanji,Defender,Manchester City,Switzerland,Right,19/07/1995,1.28,1.55,0,0
Yunus Akgün,Forward,Leicester City,Turkey,Left,07/07/2000,0.0,0.0,0,0
Matai Akinmboni,Defender,Bournemouth,United States,Left,17/10/2006,0.0,0.0,0,0
Nathan Aké,Defender,Manchester City,Netherlands,Left,18/02/1995,0.17,0.22,0,0
Ali Al-Hamadi,Forward,Ipswich Town,Iraq,Right,01/03/2002,0.05,0.35,0,0
Marc Albrighton,Midfielder,Leicester City,England,n/a,18/11/1989,0.0,0.0,0,0
Carlos Alcaraz,Midfielder,Everton,Argentina,Right,30/11/2002,0.03,0.07,3,2
Thiago Alcântara,Midfielder,Liverpool,Spain,Right,11/04/1991,0.0,0.0,0,0
Trent Alexander-Arnold,Defender,Liverpool,England,Right,07/10/1998,7.37,1.88,6,3
Farid Alfa-Ruprecht,Forward,Manchester City,Germany,Right,28/03/2006,0.0,0.0,0,0
Sonny Aljofree,Defender,Manchester United,England,n/a,19/12/2004,0.0,0.0,0,0
Max Alleyne,Defender,Manchester City,England,Both,21/07/2005,0.0,0.0,0,0
Dele Alli,Midfielder,Everton,England,n/a,11/04/1996,0.0,0.0,0,0
Miguel Almirón,Midfielder,Newcastle United,Paraguay,Both,10/02/1994,0.2,0.52,0,0
Sone Aluko,Forward,Ipswich Town,Nigeria,n/a,19/02/1989,0.0,0.0,0,0
Olabade Aluko,Defender,Leicester City,England,Right,30/11/2006,0.0,0.0,0,0
Will Alves,Midfielder,Leicester City,England,Right,04/05/2005,0.0,0.0,0,0
Carlos Vinícius,Forward,Fulham,Brazil,Left,25/03/1995,0.0,0.04,0,0
Cédric Soares,Defender,Arsenal,Portugal,Right,31/08/1991,0.0,0.0,0,0
Steven Alzate,Midfielder,Brighton and Hove Albion,Colombia,Right,08/09/1998,0.0,0.0,0,0
Harry Amass,Defender,Manchester United,England,Left,16/03/2007,0.07,0.07,0,0
Samuel Amissah,Defender,Fulham,England,Both,07/03/2007,0.0,0.0,0,0
Sam Amo-Ameyaw,Midfielder,Southampton,England,Left,18/07/2006,0.13,0.02,0,0
Mathis Amougou,Midfielder,Chelsea,France,Right,18/01/2006,0.0,0.0,0,0
Ato Ampah,Forward,Chelsea,England,Right,22/04/2006,0.0,0.0,0,0
Sofyan Amrabat,Midfielder,Manchester United,Morocco,Right,21/08/1996,0.0,0.0,0,0
Joseph Anang,Goalkeeper,West Ham United,England,n/a,08/06/2000,0.0,0.0,0,0
Joachim Andersen,Defender,Fulham,Denmark,Right,31/05/1996,0.52,1.02,0,0
Elliot Anderson,Midfielder,Nottingham Forest,England,Right,06/11/2002,3.63,2.11,6,2
Vincent Angelini,Goalkeeper,Brentford,Scotland,n/a,12/09/2003,0.0,0.0,0,0
Tino Anjorin,Midfielder,Chelsea,England,n/a,23/11/2001,0.0,0.0,0,0
Aarón Anselmino,Defender,Chelsea,Argentina,Right,29/04/2005,0.0,0.0,0,0
Jaidon Anthony,Forward,Bournemouth,England,Right,01/12/1999,0.0,0.0,0,0
Michail Antonio,Forward,West Ham United,Jamaica,Right,28/03/1990,0.93,2.22,1,1
Genesis Antwi,Defender,Chelsea,Sweden,Right,11/05/2007,0.0,0.0,0,0
Joelinton,Midfielder,Newcastle United,Brazil,Right,14/08/1996,2.33,3.95,3,4
Julián Araujo,Defender,Bournemouth,Mexico,Right,13/08/2001,0.1,0.0,0,0
Cameron Archer,Forward,Southampton,England,Right,09/12/2001,0.73,5.72,0,2
Alphonse Areola,Goalkeeper,West Ham United,France,Right,27/02/1993,0.0,0.0,0,0
Joe Aribo,Midfielder,Southampton,Nigeria,Left,21/07/1996,1.25,2.7,0,3
Adam Armstrong,Forward,Southampton,England,Right,10/02/1997,0.57,3.28,2,2
Harrison Armstrong,Midfielder,Everton,England,Right,19/01/2007,0.0,0.37,0,0
Stuart Armstrong,Midfielder,Southampton,Scotland,Right,30/03/1992,0.0,0.0,0,0
Kepa,Goalkeeper,Bournemouth,Spain,Right,03/10/1994,0.0,0.0,0,0
Benjamin Arthur,Defender,Brentford,England,Right,09/10/2005,0.0,0.0,0,0
Marco Asensio,Forward,Aston Villa,Spain,Left,21/01/1996,1.16,4.43,1,3
Harrison Ashby,Defender,Newcastle United,Scotland,Right,14/11/2001,0.0,0.0,0,0
Noël Atom,Defender,Brighton and Hove Albion,Germany,Left,05/01/2005,0.0,0.0,0,0
Brandon Austin,Goalkeeper,Tottenham Hotspur,England,Right,08/01/1999,0.0,0.0,0,0
Taiwo Awoniyi,Forward,Nottingham Forest,Nigeria,Right,12/08/1997,0.12,2.12,0,1
Yasin Ayari,Midfielder,Brighton and Hove Albion,Sweden,Right,06/10/2003,2.64,2.44,1,2
Jordan Ayew,Forward,Leicester City,Ghana,Right,11/09/1991,0.01,0.46,0,5
Leon Ayinde,Midfielder,Ipswich Town,Ireland,n/a,05/09/2004,0.0,0.0,0,0
Rayan Aït-Nouri,Defender,Wolverhampton Wanderers,Algeria,Left,06/06/2001,4.0,2.69,7,4
Benoît Badiashile,Defender,Chelsea,France,Left,26/03/2001,0.08,0.0,0,0
Elkan Baggott,Defender,Ipswich Town,Indonesia,Left,23/10/2002,0.0,0.0,0,0
Leon Bailey,Midfielder,Aston Villa,Jamaica,Left,09/08/1997,2.95,1.73,2,1
Stefan Bajcetic,Midfielder,Liverpool,Spain,Right,22/10/2004,0.0,0.0,0,0
Benicio Baker-Boaitey,Forward,Brighton and Hove Albion,England,n/a,09/01/2004,0.0,0.0,0,0
Ellery Balcombe,Goalkeeper,Brentford,England,Right,15/10/1999,0.0,0.0,0,0
Carlos Baleba,Midfielder,Brighton and Hove Albion,Cameroon,Left,03/01/2004,1.21,3.08,1,3
Dominic Ball,Defender,Ipswich Town,England,Right,02/08/1995,0.0,0.0,0,0
Dom Ballard,Forward,Southampton,England,n/a,01/04/2005,0.0,0.0,0,0
Emilio Ballard-Matthews,Forward,Wolverhampton Wanderers,England,Both,11/08/2008,0.0,0.0,0,0
Fodé Ballo-Touré,Defender,Fulham,Senegal,Left,03/01/1997,0.0,0.0,0,0
Shandon Baptiste,Midfielder,Brentford,Grenada,Right,08/04/1998,0.0,0.0,0,0
Ricardo Pereira,Defender,Leicester City,Portugal,Right,06/10/1993,0.08,0.09,0,0
Valentín Barco,Defender,Brighton and Hove Albion,Argentina,Left,23/07/2004,0.0,0.0,0,0
Owen Barker,Midfielder,Everton,England,Right,23/02/2005,0.0,0.0,0,0
Ross Barkley,Midfielder,Aston Villa,England,Right,05/12/1993,0.43,1.76,1,3
Harvey Barnes,Midfielder,Newcastle United,England,Right,09/12/1997,0.0,0.0,0,0
Ty Barnett,Forward,Wolverhampton Wanderers,England,Right,03/08/2005,0.0,0.0,0,0
Enzo Barrenechea,Midfielder,Aston Villa,Argentina,Left,22/05/2001,0.0,0.0,0,0
Luca Barrington,Forward,Brighton and Hove Albion,England,n/a,12/12/2004,0.0,0.0,0,0
Calvin Bassey,Defender,Fulham,Nigeria,Left,31/12/1999,0.44,1.02,0,1
Callum Bates,Midfielder,Everton,England,Right,28/09/2005,0.0,0.0,0,0
Stevie Bausor,Goalkeeper,Leicester City,England,n/a,11/05/2005,0.0,0.0,0,0
Altay Bayindir,Goalkeeper,Manchester United,Turkey,Right,14/04/1998,0.0,0.0,0,0
Gavin Bazunu,Goalkeeper,Southampton,Ireland,Right,20/02/2002,0.0,0.0,0,0
Eddie Beach,Goalkeeper,Chelsea,Wales,Right,09/10/2003,0.0,0.0,0,0
Owen Beck,Defender,Liverpool,Wales,Left,09/08/2002,0.0,0.0,0,0
Alisson Becker,Goalkeeper,Liverpool,Brazil,Right,02/10/1992,0.0,0.0,0,0
Jan Bednarek,Defender,Southampton,Poland,Right,12/04/1996,0.85,0.65,0,2
Asmir Begovic,Goalkeeper,Everton,Bosnia & Herzegovina,Right,20/06/1987,0.0,0.0,0,0
Armel Bella-Kotchap,Defender,Southampton,Germany,Right,11/12/2001,0.02,0.32,0,0
Jean-Ricner Bellegarde,Midfielder,Wolverhampton Wanderers,France,Right,27/06/1998,2.75,1.53,7,2
Steven Benda,Goalkeeper,Fulham,Germany,Right,01/10/1998,0.0,0.0,0,0
Lewys Benjamin,Goalkeeper,Wolverhampton Wanderers,Wales,n/a,28/11/2006,0.0,0.0,0,0
Rhys Bennett,Defender,Manchester United,England,Right,30/10/2003,0.0,0.0,0,0
Saïd Benrahma,Forward,West Ham United,Algeria,Right,10/08/1995,0.0,0.0,0,0
Rodrigo Bentancur,Midfielder,Tottenham Hotspur,Uruguay,Right,25/06/1997,1.0,1.33,0,2
Dan Bentley,Goalkeeper,Wolverhampton Wanderers,England,Right,13/07/1993,0.0,0.0,0,0
Sander Berge,Midfielder,Fulham,Norway,Right,14/02/1998,0.63,0.35,0,0
Lucas Bergström,Goalkeeper,Chelsea,Finland,Right,05/09/2002,0.0,0.0,0,0
Lucas Bergvall,Midfielder,Tottenham Hotspur,Sweden,Right,02/02/2006,0.82,0.7,1,0
Marcus Bettinelli,Goalkeeper,Chelsea,England,Right,24/05/1992,0.0,0.0,0,0
Mika Biereth,Forward,Arsenal,Denmark,Right,08/02/2003,0.0,0.0,0,0
Philip Billing,Midfielder,Bournemouth,Denmark,Left,11/06/1996,0.95,0.56,0,0
Yves Bissouma,Midfielder,Tottenham Hotspur,Mali,Right,30/08/1996,0.63,0.63,0,2
Leo Black,Forward,Tottenham Hotspur,England,Right,09/02/2006,0.0,0.0,0,0
Harvey Blair,Forward,Liverpool,England,Right,14/09/2003,0.0,0.0,0,0
Malachi Boateng,Midfielder,Crystal Palace,England,Right,05/07/2002,0.0,0.0,0,0
Oscar Bobb,Midfielder,Manchester City,Norway,Left,12/07/2003,0.02,0.0,0,0
Lamare Bogarde,Defender,Aston Villa,Netherlands,Right,05/01/2004,0.13,0.04,0,0
Bendegúz Bolla,Defender,Wolverhampton Wanderers,Hungary,Right,22/11/1999,0.0,0.0,0,0
Willy-Arnaud Boly,Defender,Nottingham Forest,Cote d’Ivoire,Right,03/02/1991,0.0,0.07,0,0
Somto Boniface,Defender,Ipswich Town,England,Left,11/03/2006,0.0,0.0,0,0
Beau Booth,Midfielder,Brentford,England,n/a,17/12/2005,0.0,0.0,0,0
Ângelo,Forward,Chelsea,Brazil,Left,21/12/2004,0.0,0.0,0,0
Bruno Fernandes,Midfielder,Manchester United,Portugal,Right,08/09/1994,7.98,9.95,10,8
Willian,Forward,Fulham,Brazil,Right,09/08/1988,0.71,0.28,0,0
Aidan Borland,Midfielder,Aston Villa,Scotland,Left,25/04/2007,0.0,0.0,0,0
Alex Borto,Goalkeeper,Fulham,United States,Right,06/11/2003,0.0,0.0,0,0
Sven Botman,Defender,Newcastle United,Netherlands,Left,12/01/2000,0.23,0.59,0,0
Jarrod Bowen,Forward,West Ham United,England,Left,20/12/1996,6.47,8.65,8,13
Josh Bowler,Midfielder,Nottingham Forest,England,Left,05/03/1999,0.0,0.0,0,0
Conor Bradley,Defender,Liverpool,Northern Ireland,Right,09/07/2003,0.0,0.0,0,0
Zak Bradshaw,Defender,Ipswich Town,England,Left,22/09/2003,0.0,0.0,0,0
Cameron Bragg,Midfielder,Southampton,England,Right,10/04/2005,0.0,0.0,0,0
Kaden Braithwaite,Defender,Manchester City,England,Left,08/02/2008,0.0,0.0,0,0
Jarrad Branthwaite,Defender,Everton,England,Left,27/06/2002,0.6,1.2,1,0
Sammy Braybrooke,Midfielder,Leicester City,England,Right,12/03/2004,0.0,0.0,0,0
James Bree,Defender,Southampton,England,Right,11/12/1997,0.7,0.11,1,0
Ben Brereton,Forward,Southampton,Chile,Right,18/04/1999,0.14,0.91,0,0
Ethan Brierley,Midfielder,Brentford,England,n/a,23/11/2003,0.0,0.0,0,0
Logan Briggs,Midfielder,Leicester City,England,n/a,07/02/2005,0.0,0.0,0,0
Spike Brits,Goalkeeper,Manchester City,England,Right,24/06/2007,0.0,0.0,0,0
Nathan Broadhead,Forward,Ipswich Town,Wales,Right,05/04/1998,1.08,1.73,0,2
Ben Broggio,Midfielder,Aston Villa,England,Right,29/01/2007,0.0,0.0,0,0
Armando Broja,Forward,Everton,Albania,Right,10/09/2001,0.0,0.0,0,0
Josh Brooking,Defender,Chelsea,England,n/a,01/09/2002,0.0,0.0,0,0
David Brooks,Midfielder,Bournemouth,Wales,Left,08/07/1997,2.02,2.52,0,2
Gerard Buabo,Forward,Ipswich Town,England,n/a,24/05/2005,0.0,0.0,0,0
Emiliano Buendía,Midfielder,Aston Villa,Argentina,Right,25/12/1996,0.04,0.65,0,0
Santiago Bueno,Defender,Wolverhampton Wanderers,Uruguay,Right,09/11/1998,0.12,0.43,0,0
Hugo Bueno,Defender,Wolverhampton Wanderers,Spain,Left,18/09/2002,0.0,0.0,0,0
Yan Couto,Defender,Manchester City,Brazil,Right,03/06/2002,0.0,0.0,0,0
Facundo Buonanotte,Midfielder,Leicester City,Argentina,Left,23/12/2004,2.27,3.93,2,5
Cameron Burgess,Defender,Ipswich Town,Australia,Left,21/10/1995,0.35,1.13,2,0
Dan Burn,Defender,Newcastle United,England,Left,09/05/1992,1.09,1.96,1,1
Wes Burns,Forward,Ipswich Town,Wales,Right,23/11/1994,1.17,0.51,1,0
Bradley Burrowes,Midfielder,Aston Villa,England,n/a,04/03/2008,0.0,0.0,0,0
Mason Burstow,Forward,Chelsea,England,Right,04/08/2003,0.0,0.0,0,0
Nathan Butler-Oyedeji,Forward,Arsenal,England,Right,04/01/2003,0.0,0.07,0,0
Luke Butterfield,Midfielder,Everton,Scotland,Right,29/09/2003,0.0,0.0,0,0
Nélson Semedo,Defender,Wolverhampton Wanderers,Portugal,Right,16/11/1993,1.71,0.89,4,0
Killian Cahill,Goalkeeper,Brighton and Hove Albion,Ireland,Right,03/11/2003,0.0,0.0,0,0
Moisés Caicedo,Midfielder,Chelsea,Ecuador,Right,02/11/2001,2.82,0.82,2,1
Tom Cairney,Midfielder,Fulham,Scotland,Left,20/01/1991,1.16,0.77,0,2
Jens Cajuste,Midfielder,Ipswich Town,Sweden,Right,10/08/1999,0.74,0.69,1,1
Riccardo Calafiori,Defender,Arsenal,Italy,Left,19/05/2002,0.71,0.86,1,2
Duje Caleta-Car,Defender,Southampton,Croatia,Right,17/09/1996,0.0,0.0,0,0
Dominic Calvert-Lewin,Forward,Everton,England,Right,16/03/1997,0.67,6.75,1,3
Chem Campbell,Midfielder,Wolverhampton Wanderers,Wales,Right,30/12/2002,0.0,0.0,0,0
Elijah Campbell,Defender,Everton,England,Left,02/08/2004,0.0,0.0,0,0
Thomas Cannon,Forward,Leicester City,Ireland,Right,28/12/2002,0.0,0.0,0,0
Pedro Lima,Defender,Wolverhampton Wanderers,Brazil,Right,01/07/2006,0.09,0.06,0,0
Scott Carson,Goalkeeper,Manchester City,England,Right,03/09/1985,0.0,0.0,0,0
Henry Cartwright,Midfielder,Leicester City,England,Right,11/12/2004,0.0,0.0,0,0
Cesare Casadei,Midfielder,Chelsea,Italy,Right,10/01/2003,0.0,0.0,0,0
Kaelan Casey,Defender,West Ham United,England,Right,28/10/2004,0.0,0.0,0,0
Matty Cash,Defender,Aston Villa,Poland,Right,07/08/1997,1.25,0.49,1,1
Eiran Cashin,Defender,Brighton and Hove Albion,Ireland,Left,09/11/2001,0.0,0.0,0,0
Casemiro,Midfielder,Manchester United,Brazil,Right,23/02/1992,2.0,1.83,0,1
Dante Cassanova,Defender,Tottenham Hotspur,Jamaica,Right,21/06/2004,0.0,0.0,0,0
Timothy Castagne,Defender,Fulham,Belgium,Right,05/12/1995,0.55,0.38,1,0
Daniel Podence,Midfielder,Wolverhampton Wanderers,Portugal,Right,21/10/1995,0.01,0.04,0,0
Leo Castledine,Midfielder,Chelsea,England,n/a,20/08/2005,0.0,0.0,0,0
João Cancelo,Defender,Manchester City,Portugal,Right,27/05/1994,0.0,0.0,0,0
Trevoh Chalobah,Defender,Chelsea,England,Right,05/07/1999,0.29,0.79,1,3
Calum Chambers,Defender,Aston Villa,England,Right,20/01/1995,0.0,0.0,0,0
Luke Chambers,Defender,Liverpool,England,Left,24/06/2004,0.0,0.0,0,0
Conor Chaplin,Forward,Ipswich Town,England,Left,16/02/1997,0.62,1.52,1,1
Shea Charles,Midfielder,Southampton,Northern Ireland,Right,05/11/2003,0.0,0.0,0,0
Dylan Charlton,Defender,Newcastle United,England,Left,02/07/2006,0.0,0.0,0,0
Federico Chiesa,Forward,Liverpool,Italy,Right,25/10/1997,0.16,0.34,0,0
Ben Chilwell,Defender,Crystal Palace,England,Left,21/12/1996,0.0,0.0,0,1
Tawanda Chirewa,Midfielder,Wolverhampton Wanderers,Zimbabwe,Right,12/10/2003,0.0,0.0,0,0
Leon Chiwome,Forward,Wolverhampton Wanderers,England,n/a,10/01/2006,0.0,0.0,0,0
Samy Chouchane,Midfielder,Brighton and Hove Albion,Tunisia,Right,05/09/2003,0.0,0.0,0,0
Hamza Choudhury,Midfielder,Leicester City,Bangladesh,Right,01/10/1997,0.2,0.0,0,0
Ryan Christie,Midfielder,Bournemouth,Scotland,Left,22/02/1995,2.99,2.12,3,2
Carney Chukwuemeka,Midfielder,Chelsea,England,Right,20/10/2003,0.0,0.0,0,0
Bobby Clark,Midfielder,Liverpool,England,Right,07/02/2005,0.0,0.0,0,0
Harry Clarke,Defender,Ipswich Town,England,Right,02/03/2001,0.09,0.08,0,0
Jack Clarke,Forward,Ipswich Town,England,Right,23/11/2000,1.21,1.17,4,0
Brayden Clarke,Defender,Arsenal,Wales,n/a,03/07/2007,0.0,0.0,0,0
Nathaniel Clyne,Defender,Crystal Palace,England,Right,05/04/1991,0.25,0.02,0,0
Conor Coady,Defender,Leicester City,England,Right,25/02/1993,0.52,0.43,0,1
Séamus Coleman,Defender,Everton,Ireland,Right,11/10/1988,0.03,0.57,0,0
Nathan Collins,Defender,Brentford,Ireland,Right,30/04/2001,1.58,2.5,3,2
Toby Collyer,Midfielder,Manchester United,England,Right,03/01/2004,0.39,0.17,0,0
Levi Colwill,Defender,Chelsea,England,Left,26/02/2003,1.21,1.89,1,2
Lewis Cook,Midfielder,Bournemouth,England,Right,03/02/1997,3.75,0.94,3,1
Maxwel Cornet,Forward,Southampton,Cote d’Ivoire,Right,27/09/1996,0.0,0.0,0,0
Murillo,Defender,Nottingham Forest,Brazil,Left,04/07/2002,1.14,1.42,0,2
Vladimír Coufal,Defender,West Ham United,Czech Republic,Right,22/08/1992,1.0,0.3,0,0
Woyo Coulibaly,Defender,Leicester City,France,Left,26/05/1999,0.04,0.04,0,0
Philippe Coutinho,Midfielder,Aston Villa,Brazil,Right,12/06/1992,0.0,0.0,0,0
Brandon Cover,Midfielder,Leicester City,Jamaica,Right,25/09/2003,0.0,0.0,0,0
Matthew Cox,Goalkeeper,Brentford,England,Right,02/05/2003,0.0,0.0,0,0
Amario Cozier-Duberry,Midfielder,Brighton and Hove Albion,England,Left,29/05/2005,0.0,0.0,0,0
Tristan Crama,Defender,Brentford,France,Right,08/11/2001,0.0,0.0,0,0
Billy Crellin,Goalkeeper,Everton,England,Right,30/06/2000,0.0,0.0,0,0
Aaron Cresswell,Defender,West Ham United,England,Left,15/12/1989,1.9,0.23,0,0
Marc Cucurella,Defender,Chelsea,Spain,Left,22/07/1998,2.39,2.8,1,5
Jorge Cuenca,Defender,Fulham,Spain,Left,17/11/1999,0.01,0.02,0,0
Luke Cundle,Midfielder,Wolverhampton Wanderers,England,Right,26/04/2002,0.0,0.0,0,0
Ted Curd,Goalkeeper,Chelsea,England,Right,14/02/2006,0.0,0.0,0,0
Michael Dacosta,Forward,Bournemouth,Spain,n/a,05/03/2005,0.0,0.0,0,0
Mahmoud Dahoud,Midfielder,Brighton and Hove Albion,Syria,Right,01/01/1996,0.0,0.0,0,0
Patson Daka,Forward,Leicester City,Zambia,Right,09/10/1998,0.08,1.25,0,1
Diogo Dalot,Defender,Manchester United,Portugal,Right,18/03/1999,2.46,2.03,3,0
Mikkel Damsgaard,Midfielder,Brentford,Denmark,Right,03/07/2000,6.99,2.83,10,2
Arnaut Danjuma,Forward,Everton,Netherlands,Both,31/01/1997,0.0,0.0,0,0
Jayden Danns,Forward,Liverpool,England,Right,16/01/2006,0.01,0.0,0,0
Kevin Danso,Defender,Tottenham Hotspur,Austria,Right,19/09/1998,0.13,0.41,0,0
Josh Dasilva,Midfielder,Brentford,England,Left,23/10/1998,0.0,0.0,0,0
Ben Davies,Defender,Tottenham Hotspur,Wales,Left,24/04/1993,0.5,0.28,0,0
Harvey Davies,Goalkeeper,Liverpool,England,Left,03/09/2003,0.0,0.0,0,0
Leif Davis,Defender,Ipswich Town,England,Left,31/12/1999,4.75,0.96,2,1
Craig Dawson,Defender,Wolverhampton Wanderers,England,Right,06/05/1990,0.09,0.49,0,0
Lucas De Bolle,Midfielder,Newcastle United,Scotland,Right,22/10/2002,0.0,0.0,0,0
Kevin De Bruyne,Midfielder,Manchester City,Belgium,Right,28/06/1991,6.74,5.07,7,4
Bobby De Cordova-Reid,Forward,Leicester City,Jamaica,Right,02/02/1993,0.16,0.79,2,1
Luc De Fougerolles,Defender,Fulham,Canada,Right,12/10/2005,0.0,0.0,0,0
Liam Delap,Forward,Ipswich Town,England,Right,08/02/2003,0.0,0.0,2,12
Leander Dendoncker,Midfielder,Aston Villa,Belgium,Right,15/04/1995,0.0,0.0,0,0
Emmanuel Dennis,Forward,Nottingham Forest,Nigeria,Right,15/11/1997,0.0,0.0,0,0
Will Dennis,Goalkeeper,Bournemouth,England,Right,10/07/2000,0.0,0.0,0,0
Justin Devenny,Midfielder,Crystal Palace,Northern Ireland,Left,11/10/2003,0.41,0.76,1,1
Alfie Devine,Midfielder,Tottenham Hotspur,England,Right,01/08/2004,0.0,0.0,0,0
Kiernan Dewsbury-Hall,Midfielder,Chelsea,England,Left,06/09/1998,0.22,0.22,1,0
Moussa Diaby,Forward,Aston Villa,France,Left,07/07/1999,0.0,0.0,0,0
Amadou Diallo,Forward,Newcastle United,England,n/a,15/02/2003,0.0,0.0,0,0
Amad Diallo,Forward,Manchester United,Cote d’Ivoire,Left,11/07/2002,4.18,4.68,6,8
Matthew Dibley-Dias,Midfielder,Fulham,New Zealand,Right,29/10/2003,0.0,0.0,0,0
Tyler Dibling,Midfielder,Southampton,England,Left,17/02/2006,1.46,2.56,0,2
Eric Dier,Defender,Tottenham Hotspur,England,Right,15/01/1994,0.0,0.0,0,0
Lucas Digne,Defender,Aston Villa,France,Left,20/07/1993,4.01,0.8,4,0
Issa Diop,Defender,Fulham,France,Right,09/01/1997,0.1,0.53,0,0
Axel Disasi,Defender,Aston Villa,France,Right,11/03/1998,0.09,0.28,0,1
Roman Dixon,Defender,Everton,England,Right,26/12/2004,0.0,0.0,0,0
Nasser Djiga,Defender,Wolverhampton Wanderers,Burkina Faso,Right,15/11/2002,0.01,0.0,0,0
Ben Doak,Forward,Liverpool,Scotland,Right,11/11/2005,0.0,0.0,0,0
Lewis Dobbin,Forward,Aston Villa,England,Left,03/01/2003,0.0,0.0,0,0
Matt Doherty,Defender,Wolverhampton Wanderers,Ireland,Right,16/01/1992,1.22,1.04,1,2
Jérémy Doku,Forward,Manchester City,Belgium,Right,27/05/2002,3.8,1.32,6,3
Nicolás Domínguez,Midfielder,Nottingham Forest,Argentina,Right,28/06/1998,1.59,1.53,1,0
Janoi Donacien,Defender,Ipswich Town,St Lucia,Right,03/11/1993,0.0,0.0,0,0
Jamie Donley,Forward,Tottenham Hotspur,Northern Ireland,Left,03/01/2005,0.0,0.0,0,0
Patrick Dorgu,Defender,Manchester United,Denmark,Left,26/10/2004,1.27,0.43,0,0
Alfie Dorrington,Defender,Tottenham Hotspur,England,Right,20/04/2005,0.0,0.0,0,0
Abdoulaye Doucouré,Midfielder,Everton,Mali,Right,01/01/1993,0.0,0.0,0,0
Cheick Doucouré,Midfielder,Crystal Palace,Mali,Right,08/01/2000,0.11,0.4,0,0
Flynn Downes,Midfielder,Southampton,England,Right,20/01/1999,1.44,0.63,0,1
Tommy Doyle,Midfielder,Wolverhampton Wanderers,England,Right,17/10/2001,0.33,0.55,1,0
Callum Doyle,Defender,Manchester City,England,Left,03/10/2003,0.0,0.0,0,0
Radu Dragusin,Defender,Tottenham Hotspur,Romania,Right,03/02/2002,0.16,0.12,0,0
Rodrigo Ribeiro,Forward,Nottingham Forest,Portugal,Right,28/04/2005,0.0,0.0,0,0
Joshua Duffus,Forward,Brighton and Hove Albion,England,n/a,15/12/2004,0.0,0.0,0,0
Paul Dummett,Defender,Newcastle United,Wales,n/a,26/09/1991,0.0,0.0,0,0
Lewis Dunk,Defender,Brighton and Hove Albion,England,Right,21/11/1991,1.04,0.81,0,0
Jhon Durán,Forward,Aston Villa,Colombia,Left,13/12/2003,0.25,4.86,0,7
Kiano Dyer,Midfielder,Chelsea,England,Right,21/11/2006,0.0,0.0,0,0
Luis Díaz,Forward,Liverpool,Colombia,Right,13/01/1997,4.46,12.02,5,13
Martin Dúbravka,Goalkeeper,Newcastle United,Slovakia,Right,15/01/1989,0.0,0.0,0,0
George Earthy,Midfielder,West Ham United,England,Right,05/09/2004,0.0,0.0,0,0
Coby Ebere,Forward,Everton,Germany,Right,17/09/2005,0.0,0.0,0,0
Malcolm Ebiowei,Forward,Crystal Palace,England,Left,04/09/2003,0.0,0.0,0,0
Claudio Echeverri,Midfielder,Manchester City,Argentina,Right,02/01/2006,0.01,0.0,0,0
George Edmundson,Defender,Ipswich Town,England,Right,15/08/1997,0.0,0.0,0,0
Samuel Edozie,Midfielder,Southampton,England,Right,28/01/2003,0.16,0.0,0,0
Tom Edozie,Forward,Wolverhampton Wanderers,England,Right,18/05/2006,0.0,0.0,0,0
Ronnie Edwards,Defender,Southampton,England,Right,28/03/2003,0.0,0.0,0,0
Bilal El Khannouss,Midfielder,Leicester City,Morocco,Right,10/05/2004,3.11,1.31,3,2
Idris El Mizouni,Midfielder,Ipswich Town,Tunisia,Right,26/09/2000,0.0,0.0,0,0
Anthony Elanga,Forward,Nottingham Forest,Sweden,Right,27/04/2002,5.11,4.47,11,6
Harvey Elliott,Midfielder,Liverpool,England,Left,04/04/2003,0.65,1.76,2,1
Mohamed Elneny,Midfielder,Arsenal,Egypt,Right,11/07/1992,0.0,0.0,0,0
Landon Emenalo,Midfielder,Chelsea,England,Left,18/01/2008,0.0,0.0,0,0
Johnny Emerson,Forward,Newcastle United,Scotland,Right,30/11/2005,0.0,0.0,0,0
Lander Emery,Goalkeeper,Aston Villa,Spain,n/a,29/03/2003,0.0,0.0,0,0
Thiago Silva,Defender,Chelsea,Brazil,Right,22/09/1984,0.0,0.0,0,0
Julio Enciso,Midfielder,Ipswich Town,Paraguay,Right,23/01/2004,1.06,1.75,3,2
Wataru Endo,Midfielder,Liverpool,Japan,Right,09/02/1993,0.1,0.0,0,0
Ethan Ennis,Midfielder,Manchester United,England,Right,11/12/2004,0.0,0.0,0,0
Christian Eriksen,Midfielder,Manchester United,Denmark,Both,14/02/1992,2.61,1.36,2,1
Mateus Fernandes,Midfielder,Southampton,Portugal,Right,10/07/2004,3.64,4.01,4,2
Romain Esse,Midfielder,Crystal Palace,England,Left,13/05/2005,0.42,0.32,1,1
Pervis Estupiñán,Defender,Brighton and Hove Albion,Ecuador,Left,21/01/1998,2.49,1.17,1,1
Jonny Evans,Defender,Manchester United,Northern Ireland,Both,03/01/1988,0.03,0.13,0,0
Jake Evans,Forward,Leicester City,England,n/a,04/06/2008,0.0,0.0,0,0
Julian Eyestone,Goalkeeper,Brentford,United States,Right,21/04/2006,0.0,0.0,0,0
Eberechi Eze,Midfielder,Crystal Palace,England,Right,29/06/1998,4.68,10.5,8,8
Lukasz Fabianski,Goalkeeper,West Ham United,Poland,Right,18/04/1985,0.0,0.0,0,0
Wout Faes,Defender,Leicester City,Belgium,Right,03/04/1998,0.43,1.53,0,1
Romain Faivre,Midfielder,Bournemouth,France,Left,14/07/1998,0.0,0.0,0,0
Amar Fatah,Forward,Manchester City,Sweden,Right,19/02/2004,0.0,0.0,0,0
Abdul Fatawu,Forward,Leicester City,Ghana,Left,08/03/2004,1.42,0.42,2,0
Ansu Fati,Forward,Brighton and Hove Albion,Spain,Right,31/10/2002,0.0,0.0,0,0
Josh Feeney,Defender,Aston Villa,England,Right,06/05/2005,0.0,0.0,0,0
Nathan Ferguson,Defender,Crystal Palace,England,n/a,06/10/2000,0.0,0.0,0,0
Evan Ferguson,Forward,West Ham United,Ireland,Right,19/10/2004,0.4,0.54,0,1
Enzo Fernández,Midfielder,Chelsea,Argentina,Right,17/01/2001,6.22,6.13,7,6
Jota Silva,Forward,Nottingham Forest,Portugal,Right,01/08/1999,1.84,2.11,1,3
Fábio Vieira,Midfielder,Arsenal,Portugal,Left,30/05/2000,0.0,0.0,0,0
Will Fish,Defender,Manchester United,England,Right,17/02/2003,0.0,0.0,0,0
Jayce Fitzgerald,Midfielder,Manchester United,England,Right,09/05/2007,0.0,0.0,0,0
Mark Flekken,Goalkeeper,Brentford,Netherlands,Both,13/06/1993,0.0,0.0,2,0
Jack Fletcher,Midfielder,Manchester United,England,Left,19/03/2007,0.0,0.0,0,0
Phil Foden,Midfielder,Manchester City,England,Left,28/05/2000,5.34,5.16,2,7
Wes Foderingham,Goalkeeper,West Ham United,England,Left,14/01/1991,0.0,0.0,0,0
Wesley Fofana,Defender,Chelsea,France,Right,17/12/2000,0.22,0.44,0,0
David Datro Fofana,Forward,Chelsea,Cote d’Ivoire,Right,22/12/2002,0.0,0.0,0,0
Carlos Forbs,Forward,Wolverhampton Wanderers,Portugal,Left,19/03/2004,0.11,0.14,0,0
Omari Forson,Midfielder,Manchester United,England,Left,20/07/2004,0.0,0.0,0,0
Fraser Forster,Goalkeeper,Tottenham Hotspur,England,Right,17/03/1988,0.0,0.0,0,0
Tyrese Francois,Midfielder,Fulham,Australia,Left,16/07/2000,0.0,0.0,0,0
Matheus França,Forward,Crystal Palace,Brazil,Right,01/04/2004,0.18,0.25,0,1
Nathan Fraser,Forward,Wolverhampton Wanderers,Ireland,Right,22/02/2005,0.0,0.0,0,0
Ryan Fraser,Midfielder,Southampton,Scotland,Right,24/02/1994,0.0,0.0,0,0
Ryan Fredericks,Defender,Bournemouth,England,n/a,10/10/1992,0.0,0.0,0,0
Benjamin Fredrick,Defender,Brentford,Nigeria,Right,28/05/2005,0.0,0.0,0,0
Tyler Fredricson,Defender,Manchester United,England,Right,23/02/2005,0.02,0.0,0,0
Fábio Carvalho,Midfielder,Brentford,Portugal,Right,30/08/2002,0.56,2.51,1,2
Jorginho,Midfielder,Arsenal,Italy,Right,20/12/1991,0.59,0.06,0,0
Remo Freuler,Midfielder,Nottingham Forest,Switzerland,Right,15/04/1992,0.0,0.0,0,0
João Félix,Forward,Chelsea,Portugal,Right,10/11/1999,0.45,2.23,1,1
Niclas Füllkrug,Forward,West Ham United,Germany,Right,09/02/1993,0.42,2.17,2,3
Cody Gakpo,Forward,Liverpool,Netherlands,Right,07/05/1999,3.77,7.09,4,10
Conor Gallagher,Midfielder,Chelsea,England,Right,06/02/2000,0.0,0.0,0,0
Tomas Galvez,Defender,Manchester City,Finland,Left,28/01/2005,0.0,0.0,0,0
Gonçalo Guedes,Forward,Wolverhampton Wanderers,Portugal,Right,29/11/1996,0.93,3.2,4,2
Andrés García,Defender,Aston Villa,Spain,Right,07/02/2003,0.45,0.04,0,0
Joe Gardner,Forward,Nottingham Forest,Ireland,Right,06/06/2005,0.0,0.0,0,0
Alejandro Garnacho,Forward,Manchester United,Argentina,Right,01/07/2004,2.77,7.33,2,6
James Garner,Midfielder,Everton,England,Right,13/03/2001,1.38,0.67,1,0
Joe Gauci,Goalkeeper,Aston Villa,Australia,Right,04/07/2000,0.0,0.0,0,0
Billy Gee,Defender,Chelsea,England,Right,30/07/2005,0.0,0.0,0,0
Tyrique George,Forward,Chelsea,England,Right,04/02/2006,0.27,0.2,1,1
Saman Ghoddos,Forward,Brentford,Iran,Right,06/09/1993,0.0,0.0,0,0
Morgan Gibbs-White,Midfielder,Nottingham Forest,England,Right,27/01/2000,4.69,6.34,8,7
Bryan Gil,Forward,Tottenham Hotspur,Spain,Left,11/02/2001,0.0,0.0,0,0
Alfie Gilchrist,Defender,Chelsea,England,Right,28/11/2003,0.0,0.0,0,0
Mark Gillespie,Goalkeeper,Newcastle United,England,Right,27/03/1992,0.0,0.0,0,0
Billy Gilmour,Midfielder,Brighton and Hove Albion,Scotland,Right,11/06/2001,0.04,0.08,0,0
Ben Godfrey,Defender,Ipswich Town,England,Right,15/01/1998,0.02,0.0,0,0
Martial Godo,Forward,Fulham,Cote d’Ivoire,Right,14/03/2003,0.08,0.0,0,0
Harvey Godsmark-Ford,Midfielder,Leicester City,England,Right,25/09/2003,0.0,0.0,0,0
Michael Golding,Midfielder,Leicester City,England,Right,23/05/2006,0.0,0.0,0,0
Toti Gomes,Defender,Wolverhampton Wanderers,Portugal,Left,16/01/1999,0.6,0.73,1,0
Mauro Bandeira,Midfielder,Arsenal,Portugal,Right,18/11/2003,0.0,0.0,0,0
Beto,Forward,Everton,Guinea-Bissau,Right,31/01/1998,0.47,7.86,0,8
João Gomes,Midfielder,Wolverhampton Wanderers,Brazil,Right,12/02/2001,1.9,2.89,1,3
Joe Gomez,Defender,Liverpool,England,Right,23/05/1997,0.1,0.33,0,0
Nico González,Midfielder,Manchester City,Spain,Right,03/01/2002,0.49,0.48,0,1
Enso González,Forward,Wolverhampton Wanderers,Paraguay,Left,20/01/2005,0.0,0.0,0,0
Charlie Goode,Defender,Brentford,England,Right,03/08/1995,0.0,0.0,0,0
Anthony Gordon,Forward,Newcastle United,England,Right,24/02/2001,5.11,8.03,5,6
Kaide Gordon,Forward,Liverpool,England,Left,05/10/2004,0.0,0.0,0,0
Daniel Gore,Midfielder,Manchester United,England,Right,26/09/2004,0.0,0.0,0,0
Jimi Gower,Midfielder,Arsenal,England,Right,01/10/2004,0.0,0.0,0,0
Hubert Graczyk,Goalkeeper,Manchester United,Poland,Right,28/02/2003,0.0,0.0,0,0
True Grant,Goalkeeper,Manchester City,England,n/a,02/11/2005,0.0,0.0,0,0
Ryan Gravenberch,Midfielder,Liverpool,Netherlands,Right,16/05/2002,0.0,0.0,0,0
Archie Gray,Midfielder,Tottenham Hotspur,England,Right,12/03/2006,0.0,0.0,0,0
Jack Grealish,Midfielder,Manchester City,England,Right,10/09/1995,1.69,1.13,1,1
Jacob Greaves,Defender,Ipswich Town,England,Left,12/09/2000,0.21,1.31,0,1
Mason Greenwood,Forward,Manchester United,England,Both,01/10/2001,0.0,0.0,0,0
Ben Greenwood,Defender,Bournemouth,England,n/a,20/02/2003,0.0,0.0,0,0
Seán Grehan,Defender,Crystal Palace,Ireland,Right,08/01/2004,0.0,0.0,0,0
Harvey Griffiths,Midfielder,Wolverhampton Wanderers,England,Right,22/09/2003,0.0,0.0,0,0
Pascal Groß,Midfielder,Brighton and Hove Albion,Germany,Right,15/06/1991,0.0,0.0,0,0
Brajan Gruda,Midfielder,Brighton and Hove Albion,Germany,Left,31/05/2004,1.93,1.21,4,1
Albert Grønbæk,Midfielder,Southampton,Denmark,Both,23/05/2001,0.01,0.12,0,0
Idrissa Gueye,Midfielder,Everton,Senegal,Right,26/09/1989,1.97,1.06,3,0
Bruno Guimarães,Midfielder,Newcastle United,Brazil,Right,16/11/1997,5.39,4.31,6,5
Marc Guiu,Forward,Chelsea,Spain,Left,04/01/2006,0.02,0.0,0,0
Luca Gunter,Goalkeeper,Tottenham Hotspur,England,n/a,23/03/2005,0.0,0.0,0,0
Malo Gusto,Defender,Chelsea,France,Right,19/05/2003,1.94,1.7,1,0
Marc Guéhi,Defender,Crystal Palace,England,Right,13/07/2000,2.01,1.98,2,3
Josko Gvardiol,Defender,Manchester City,Croatia,Left,23/01/2002,2.91,4.59,0,5
Sergio Gómez,Midfielder,Manchester City,Spain,Left,04/09/2000,0.0,0.0,0,0
Diego Gómez,Midfielder,Brighton and Hove Albion,Paraguay,Right,27/03/2003,1.15,0.87,0,1
Ilkay Gündogan,Midfielder,Manchester City,Germany,Right,24/10/1990,4.44,3.23,6,1
Erling Haaland,Forward,Manchester City,Norway,Left,21/07/2000,2.02,22.01,3,22
Lewis Hall,Defender,Newcastle United,England,Left,08/09/2004,3.73,0.41,4,0
Tyrese Hall,Midfielder,Tottenham Hotspur,England,n/a,04/09/2005,0.0,0.0,0,0
Micah Hamilton,Midfielder,Manchester City,England,Right,13/11/2003,0.0,0.0,0,0
Malachi Hardy,Defender,Tottenham Hotspur,England,Right,10/03/2008,0.0,0.0,0,0
Marcus Harness,Midfielder,Ipswich Town,Ireland,Right,24/02/1996,0.05,0.0,0,0
Luke Harris,Midfielder,Fulham,Wales,Right,04/03/2005,0.0,0.0,0,0
Aidan Harris,Goalkeeper,Newcastle United,England,Left,16/12/2006,0.0,0.0,0,0
Archie Harris,Defender,Bournemouth,England,Left,27/12/2004,0.0,0.0,0,0
Jack Harrison,Forward,Everton,England,Left,20/11/1996,0.0,0.0,0,0
Alfie Harrison,Midfielder,Newcastle United,England,n/a,28/11/2005,0.0,0.0,0,0
Elyh Harrison,Goalkeeper,Manchester United,England,Right,19/02/2006,0.0,0.0,0,0
Ollie Harrison,Midfielder,Chelsea,England,n/a,07/08/2007,0.0,0.0,0,0
Adam Harrison,Goalkeeper,Newcastle United,England,n/a,20/10/2006,0.0,0.0,0,0
Taylor Harwood-Bellis,Defender,Southampton,England,Right,30/01/2002,0.67,1.79,0,1
Kortney Hause,Defender,Aston Villa,England,Left,16/07/1995,0.0,0.0,0,0
Kai Havertz,Forward,Arsenal,Germany,Left,11/06/1999,1.67,9.56,3,9
Isaac Hayden,Midfielder,Newcastle United,Jamaica,Right,22/03/1995,0.0,0.0,0,0
Chanse Headman,Defender,Brentford,England,n/a,03/06/2005,0.0,0.0,0,0
Isaac Heath,Forward,Everton,England,Right,28/10/2004,0.0,0.0,0,0
Tom Heaton,Goalkeeper,Manchester United,England,Right,15/04/1986,0.0,0.0,0,0
Ayden Heaven,Defender,Manchester United,England,Left,22/09/2006,0.0,0.0,0,0
Cathal Heffernan,Defender,Newcastle United,Ireland,Right,27/04/2005,0.0,0.0,0,0
Krisztián Hegyi,Goalkeeper,West Ham United,Hungary,Right,24/09/2002,0.0,0.0,0,0
Karl Hein,Goalkeeper,Arsenal,Estonia,Right,13/04/2002,0.0,0.0,0,0
Dean Henderson,Goalkeeper,Crystal Palace,England,Right,12/03/1997,0.0,0.0,0,0
Jeff Hendrick,Midfielder,Newcastle United,Ireland,Right,31/01/1992,0.0,0.0,0,0
Wayne Hennessey,Goalkeeper,Nottingham Forest,Wales,Right,24/01/1987,0.0,0.0,0,0
Rico Henry,Defender,Brentford,England,Left,08/07/1997,0.01,0.0,0,0
Jack Henry-Francis,Midfielder,Arsenal,Ireland,n/a,23/09/2003,0.0,0.0,0,0
Mads Hermansen,Goalkeeper,Leicester City,Denmark,Right,11/07/2000,0.0,0.0,0,0
Travis Hernes,Midfielder,Newcastle United,Norway,Right,04/11/2005,0.0,0.0,0,0
Rodri,Midfielder,Manchester City,Spain,Right,22/06/1996,0.09,0.0,0,0
Finlay Herrick,Goalkeeper,West Ham United,England,n/a,18/01/2006,0.0,0.0,0,0
Jaden Heskey,Forward,Manchester City,England,n/a,17/12/2005,0.0,0.0,0,0
Reigan Heskey,Forward,Manchester City,England,n/a,19/01/2008,0.0,0.0,0,0
Aaron Hickey,Defender,Brentford,Scotland,Both,10/06/2002,0.0,0.0,0,0
Tom Hill,Midfielder,Liverpool,Wales,Right,13/10/2002,0.0,0.0,0,0
James Hill,Defender,Bournemouth,England,Right,10/01/2002,0.26,0.29,1,0
Jack Hinchy,Midfielder,Brighton and Hove Albion,England,n/a,30/01/2003,0.0,0.0,0,0
Jack Hinshelwood,Midfielder,Brighton and Hove Albion,England,Right,11/04/2005,1.5,2.67,2,5
George Hirst,Forward,Ipswich Town,Scotland,Right,15/02/1999,0.27,2.13,1,3
Václav Hladky,Goalkeeper,Ipswich Town,Czech Republic,Right,14/11/1990,0.0,0.0,0,0
Joe Hodge,Midfielder,Wolverhampton Wanderers,Ireland,Right,14/09/2002,0.0,0.0,0,0
Andreas Pereira,Midfielder,Fulham,Brazil,Right,01/01/1996,4.61,3.81,4,2
Ki-Jana Hoever,Defender,Wolverhampton Wanderers,Netherlands,Right,18/01/2002,0.0,0.0,0,0
Rob Holding,Defender,Crystal Palace,England,Right,20/09/1995,0.0,0.0,0,0
Mason Holgate,Defender,Everton,Jamaica,Right,22/10/1996,0.0,0.0,0,0
Isaac Holland,Midfielder,Brentford,England,n/a,02/09/2005,0.0,0.0,0,0
Fletcher Holman,Forward,Wolverhampton Wanderers,England,n/a,12/10/2004,0.0,0.0,0,0
Harry Howell,Forward,Brighton and Hove Albion,England,Left,20/04/2008,0.05,0.0,0,0
Justin Hubner,Defender,Wolverhampton Wanderers,Indonesia,Left,14/09/2003,0.0,0.0,0,0
Max Hudson,Goalkeeper,Manchester City,Wales,n/a,20/09/2007,0.0,0.0,0,0
Callum Hudson-Odoi,Forward,Nottingham Forest,England,Right,07/11/2000,2.61,2.47,2,5
Will Hughes,Midfielder,Crystal Palace,England,Left,17/04/1995,0.0,0.0,0,0
Joe Hugill,Forward,Manchester United,England,Right,19/10/2003,0.0,0.0,0,0
Dean Huijsen,Defender,Bournemouth,Spain,Both,14/04/2005,1.57,1.87,2,3
Bashir Humphreys,Defender,Chelsea,England,Left,15/03/2003,0.0,0.0,0,0
Cameron Humphreys,Midfielder,Ipswich Town,England,n/a,30/10/2003,0.0,0.0,0,0
Mackenzie Hunt,Midfielder,Everton,United Arab Emirates,Left,14/11/2001,0.0,0.0,0,0
James Huntley,Midfielder,Newcastle United,England,n/a,02/03/2004,0.0,0.0,0,0
Omari Hutchinson,Forward,Ipswich Town,England,Left,30/10/2003,2.46,2.85,2,3
Hwang Hee-Chan,Forward,Wolverhampton Wanderers,South Korea,Right,26/01/1996,0.33,0.8,0,2
Hwang Ui-Jo,Forward,Nottingham Forest,South Korea,Right,28/08/1992,0.0,0.0,0,0
Pierre-Emile Højbjerg,Midfielder,Tottenham Hotspur,Denmark,Right,05/08/1995,0.0,0.0,0,0
Rasmus Højlund,Forward,Manchester United,Denmark,Left,04/02/2003,1.06,5.24,0,4
Kelechi Iheanacho,Forward,Leicester City,Nigeria,Left,03/10/1996,0.0,0.0,0,0
Samuel Iling-Junior,Forward,Aston Villa,England,Left,04/10/2003,0.0,0.0,0,0
Danny Imray,Defender,Crystal Palace,England,Right,27/07/2003,0.0,0.0,0,0
Danny Ings,Forward,West Ham United,England,Right,23/07/1992,0.08,2.27,2,1
Tim Iroegbunam,Midfielder,Everton,England,Right,30/06/2003,0.13,0.24,1,0
Andy Irving,Midfielder,West Ham United,Scotland,Left,13/05/2000,0.13,0.12,0,0
Alexander Isak,Forward,Newcastle United,Sweden,Right,21/09/1999,3.6,20.42,6,23
Daniel Iversen,Goalkeeper,Leicester City,Denmark,Right,19/07/1997,0.0,0.0,0,0
Alex Iwobi,Forward,Fulham,Nigeria,Right,03/05/1996,6.98,4.72,6,9
Kayden Jackson,Forward,Ipswich Town,England,Right,22/02/1994,0.0,0.0,0,0
Ben Jackson,Defender,Brighton and Hove Albion,England,Right,03/09/2003,0.0,0.0,0,0
Nicolas Jackson,Forward,Chelsea,Senegal,Right,20/06/2001,1.92,12.34,5,10
Louis Jackson,Defender,Manchester United,Scotland,n/a,18/09/2005,0.0,0.0,0,0
Reece James,Defender,Chelsea,England,Right,08/12/1999,1.16,0.44,1,1
Vitaly Janelt,Midfielder,Brentford,Germany,Left,10/05/1998,2.4,0.82,3,1
Vítezslav Jaros,Goalkeeper,Liverpool,Czech Republic,Right,23/07/2001,0.0,0.0,0,0
Daniel Jebbison,Forward,Bournemouth,Canada,Right,13/08/2003,0.14,0.99,0,1
Mofe Jemide,Defender,Crystal Palace,England,n/a,08/11/2006,0.0,0.0,0,0
Mathias Jensen,Midfielder,Brentford,Denmark,Right,01/01/1996,1.75,0.24,2,0
Jamaldeen Jimoh,Midfielder,Aston Villa,England,Right,02/10/2006,0.0,0.0,0,0
Raúl Jiménez,Forward,Fulham,Mexico,Right,05/05/1991,2.08,11.99,3,12
Nile John,Midfielder,Tottenham Hotspur,England,Right,06/03/2003,0.0,0.0,0,0
Ben Johnson,Defender,Ipswich Town,England,Right,24/01/2000,0.86,1.06,2,1
Brennan Johnson,Forward,Tottenham Hotspur,Wales,Right,23/05/2001,2.05,10.4,3,11
Sam Johnstone,Goalkeeper,Wolverhampton Wanderers,England,Right,25/03/1993,0.0,0.0,0,0
Curtis Jones,Midfielder,Liverpool,England,Right,30/01/2001,1.58,4.34,3,3
João Pedro,Forward,Brighton and Hove Albion,Brazil,Right,26/09/2001,3.09,8.9,6,10
James Justin,Defender,Leicester City,England,Right,23/02/1998,0.83,1.5,2,2
Zanka,Defender,Brentford,Denmark,Right,23/04/1990,0.0,0.0,0,0
Filip Jørgensen,Goalkeeper,Chelsea,Denmark,Right,16/04/2002,0.0,0.0,0,0
Ismeal Kabia,Forward,Arsenal,Netherlands,Right,10/12/2005,0.0,0.0,0,0
Issa Kaboré,Defender,Manchester City,Burkina Faso,Right,12/05/2001,0.0,0.0,0,0
Maldini Kacurri,Defender,Arsenal,Albania,Right,04/10/2005,0.0,0.0,0,0
Ferdi Kadioglu,Midfielder,Brighton and Hove Albion,Turkey,Right,07/10/1999,0.27,0.44,0,1
Sasa Kalajdzic,Forward,Wolverhampton Wanderers,Austria,Right,07/07/1997,0.0,0.0,0,0
Daichi Kamada,Midfielder,Crystal Palace,Japan,Right,05/08/1996,1.59,1.09,0,0
Boubacar Kamara,Midfielder,Aston Villa,France,Right,23/11/1999,0.83,0.82,0,1
Jaydan Kamason,Defender,Manchester United,England,Right,08/12/2006,0.0,0.0,0,0
Willy Kambwala,Defender,Manchester United,France,Right,25/08/2004,0.0,0.0,0,0
Mohamadou Kanté,Midfielder,West Ham United,France,Right,20/09/2005,0.0,0.0,0,0
Loris Karius,Goalkeeper,Newcastle United,Germany,Right,22/06/1993,0.0,0.0,0,0
Jadel Katongo,Defender,Manchester City,England,Right,14/09/2004,0.0,0.0,0,0
Thierry Katsukunya,Defender,Aston Villa,Wales,Right,30/11/2005,0.0,0.0,0,0
Leigh Kavanagh,Defender,Brighton and Hove Albion,Ireland,n/a,27/12/2003,0.0,0.0,0,0
Joachim Kayi-Sanda,Defender,Southampton,France,Right,29/11/2006,0.0,0.0,0,0
Michael Kayode,Defender,Brentford,Italy,Right,10/07/2004,0.69,0.21,1,0
Michael Keane,Defender,Everton,England,Right,11/01/1993,0.04,0.62,0,3
Caoimhín Kelleher,Goalkeeper,Liverpool,Ireland,Right,23/11/1998,0.0,0.0,0,0
Lloyd Kelly,Defender,Newcastle United,England,Left,06/10/1998,0.11,0.41,1,0
Patrick Kelly,Midfielder,West Ham United,Northern Ireland,n/a,02/10/2004,0.0,0.0,0,0
Omari Kellyman,Midfielder,Chelsea,England,Left,15/09/2005,0.0,0.0,0,0
Milos Kerkez,Defender,Bournemouth,Hungary,Left,07/11/2003,2.58,0.59,5,2
Kaine Kesler-Hayden,Defender,Aston Villa,England,Right,23/10/2002,0.0,0.0,0,0
Aaron Keto-Diyawa,Defender,Wolverhampton Wanderers,England,n/a,11/09/2003,0.0,0.0,0,0
Abdukodir Khusanov,Defender,Manchester City,Uzbekistan,Right,29/02/2004,0.09,0.02,0,0
Gavin Kilkenny,Midfielder,Bournemouth,Ireland,Right,01/02/2000,0.0,0.0,0,0
Maximilian Kilman,Defender,West Ham United,England,Left,23/05/1997,1.22,1.65,1,0
Kim Ji-Soo,Defender,Brentford,South Korea,Both,24/12/2004,0.0,0.0,0,0
Tom King,Goalkeeper,Wolverhampton Wanderers,Wales,Right,09/03/1995,0.0,0.0,0,0
Josh King,Midfielder,Fulham,England,Right,03/01/2007,0.67,0.32,0,0
Maeson King,Defender,Tottenham Hotspur,England,Left,09/09/2005,0.0,0.0,0,0
Max Kinsey,Defender,Bournemouth,England,Right,02/02/2005,0.0,0.0,0,0
Antonín Kinsky,Goalkeeper,Tottenham Hotspur,Czech Republic,Right,13/03/2003,0.0,0.0,0,0
Jakub Kiwior,Defender,Arsenal,Poland,Left,15/02/2000,0.31,0.17,0,1
Justin Kluivert,Forward,Bournemouth,Netherlands,Right,05/05/1999,3.73,10.11,6,12
Ben Knight,Midfielder,Manchester City,England,Left,14/06/2002,0.0,0.0,0,0
Joe Knight,Midfielder,Brighton and Hove Albion,England,Right,21/09/2005,0.0,0.0,0,0
Jacob Knightbridge,Goalkeeper,West Ham United,England,n/a,25/01/2004,0.0,0.0,0,0
Gideon Kodua,Forward,West Ham United,England,n/a,02/10/2004,0.0,0.0,0,0
Yunus Konak,Midfielder,Brentford,Turkey,Right,10/01/2006,0.01,0.15,0,0
Ibrahima Konaté,Defender,Liverpool,France,Right,25/05/1999,0.93,1.77,2,1
Terence Kongolo,Defender,Fulham,Netherlands,n/a,14/02/1994,0.0,0.0,0,0
Ezri Konsa,Defender,Aston Villa,England,Right,23/10/1997,0.63,1.28,0,2
Sékou Koné,Midfielder,Manchester United,Mali,Right,03/02/2006,0.0,0.0,0,0
Trent Koné-Doherty,Forward,Liverpool,Ireland,Right,30/06/2006,0.0,0.0,0,0
Lize Kop,Goalkeeper,Tottenham Hotspur,Netherlands,Right,17/03/1998,0.0,0.0,0,0
Lewis Koumas,Forward,Liverpool,Wales,Right,19/09/2005,0.0,0.0,0,0
Cheikhou Kouyaté,Midfielder,Nottingham Forest,Senegal,n/a,21/12/1989,0.0,0.0,0,0
Mateo Kovacic,Midfielder,Manchester City,Croatia,Right,06/05/1994,3.23,1.88,2,6
Kacper Kozlowski,Midfielder,Brighton and Hove Albion,Poland,Right,16/10/2003,0.0,0.0,0,0
Caleb Kporha,Defender,Crystal Palace,England,Right,15/07/2006,0.02,0.0,0,0
Emil Krafth,Defender,Newcastle United,Sweden,Right,02/08/1994,0.03,0.03,0,0
Victor Kristiansen,Defender,Leicester City,Denmark,Left,16/12/2002,1.73,0.13,1,0
Mohammed Kudus,Midfielder,West Ham United,Ghana,Left,02/08/2000,2.7,6.9,3,5
Godwill Kukonki,Defender,Manchester United,England,Left,06/02/2008,0.0,0.0,0,0
Dejan Kulusevski,Midfielder,Tottenham Hotspur,Sweden,Left,25/04/2000,3.93,4.23,4,7
Garang Kuol,Forward,Newcastle United,Australia,Right,15/09/2004,0.0,0.0,0,0
Rio Kyerematen,Midfielder,Tottenham Hotspur,England,Right,09/06/2005,0.0,0.0,0,0
Maxence Lacroix,Defender,Crystal Palace,France,Right,06/04/2000,1.05,3.46,1,1
Freddie Ladapo,Forward,Ipswich Town,England,Right,01/02/1993,0.0,0.0,0,0
Levi Laing,Defender,West Ham United,England,n/a,12/04/2003,0.0,0.0,0,0
Adam Lallana,Midfielder,Southampton,England,Both,10/05/1988,0.49,0.17,2,0
Tariq Lamptey,Defender,Brighton and Hove Albion,Ghana,Right,30/09/2000,0.79,0.39,2,2
Will Lankshear,Forward,Tottenham Hotspur,England,Right,20/04/2005,0.0,0.0,0,0
Juan Larios,Defender,Southampton,Spain,Left,12/01/2004,0.0,0.0,0,0
Jamaal Lascelles,Defender,Newcastle United,England,Right,11/11/1993,0.0,0.0,0,0
Roméo Lavia,Midfielder,Chelsea,Belgium,Right,06/01/2004,0.36,0.26,1,0
Nico Lawrence,Defender,Southampton,England,Right,22/11/2003,0.0,0.0,0,0
Zan-Luk Leban,Goalkeeper,Everton,Slovenia,Right,15/12/2002,0.0,0.0,0,0
Emerson Royal,Defender,Tottenham Hotspur,Brazil,Right,14/01/1999,0.0,0.0,0,0
Mario Lemina,Midfielder,Wolverhampton Wanderers,Gabon,Right,01/09/1993,1.15,1.4,3,1
Noha Lemina,Forward,Wolverhampton Wanderers,Gabon,Right,17/06/2005,0.0,0.0,0,0
Clément Lenglet,Defender,Aston Villa,France,Left,17/06/1995,0.0,0.0,0,0
Bernd Leno,Goalkeeper,Fulham,Germany,Right,04/03/1992,0.0,0.0,1,0
Marc Leonard,Midfielder,Brighton and Hove Albion,Scotland,Right,19/12/2001,0.0,0.0,0,0
Jefferson Lerma,Midfielder,Crystal Palace,Colombia,Right,25/10/1994,1.74,1.09,1,0
Jamal Lewis,Defender,Newcastle United,Northern Ireland,Left,25/01/1998,0.0,0.0,0,0
Rico Lewis,Defender,Manchester City,England,Right,21/11/2004,1.02,1.38,2,1
Keane Lewis-Potter,Forward,Brentford,England,Right,22/02/2001,4.93,3.06,3,1
Myles Lewis-Skelly,Midfielder,Arsenal,England,Left,26/09/2006,0.48,0.16,0,1
Victor Lindelöf,Defender,Manchester United,Sweden,Right,17/07/1994,0.1,0.0,0,0
Jesper Lindstrøm,Midfielder,Everton,Denmark,Right,29/02/2000,1.95,2.12,1,0
Luis Guilherme,Forward,West Ham United,Brazil,Left,09/02/2006,0.14,0.42,0,0
Mateusz Lis,Goalkeeper,Southampton,Poland,Right,27/02/1997,0.0,0.0,0,0
Tino Livramento,Defender,Newcastle United,England,Right,12/11/2002,2.68,0.33,1,0
Giovani Lo Celso,Midfielder,Tottenham Hotspur,Argentina,Left,09/04/1996,0.0,0.0,0,0
João Palhinha,Midfielder,Fulham,Portugal,Right,09/07/1995,0.0,0.0,0,0
Pedro Neto,Forward,Chelsea,Portugal,Left,09/03/2000,4.77,3.5,6,4
Andy Lonergan,Goalkeeper,Everton,England,Left,19/10/1983,0.0,0.0,0,0
Sean Longstaff,Midfielder,Newcastle United,England,Right,30/10/1997,0.23,0.6,0,0
Jamal Lowe,Forward,Bournemouth,Jamaica,Right,21/07/1994,0.0,0.0,0,0
Romelu Lukaku,Forward,Chelsea,Belgium,Left,13/05/1993,0.0,0.0,0,0
Sasa Lukic,Midfielder,Fulham,Serbia,Right,13/08/1996,1.42,1.16,2,0
Joe Lumley,Goalkeeper,Southampton,England,Right,15/02/1995,0.0,0.0,0,0
Massimo Luongo,Midfielder,Ipswich Town,Australia,Right,25/09/1992,0.02,0.0,0,0
Ian Maatsen,Defender,Aston Villa,Netherlands,Left,10/03/2002,2.43,0.86,2,1
Isaac Mabaya,Defender,Liverpool,Zimbabwe,Right,22/09/2004,0.0,0.0,0,0
Alexis Mac Allister,Midfielder,Liverpool,Argentina,Right,24/12/1998,5.64,2.83,5,5
James Maddison,Midfielder,Tottenham Hotspur,England,Right,23/11/1996,5.91,5.83,7,9
Noni Madueke,Forward,Chelsea,England,Left,10/03/2002,3.15,9.64,3,7
Paris Maghoma,Midfielder,Brentford,England,Right,08/05/2001,0.05,0.12,0,0
Harry Maguire,Defender,Manchester United,England,Right,05/03/1993,0.26,1.82,0,1
Kobbie Mainoo,Midfielder,Manchester United,England,Right,19/04/2005,1.79,0.77,0,0
Tyrell Malacia,Defender,Manchester United,Netherlands,Left,17/08/1999,0.02,0.0,0,0
Donyell Malen,Forward,Aston Villa,Netherlands,Right,19/01/1999,0.17,2.17,0,3
José Sá,Goalkeeper,Wolverhampton Wanderers,Portugal,Right,17/01/1993,0.0,0.0,0,0
Orel Mangala,Midfielder,Everton,Belgium,Right,18/03/1998,0.61,1.12,0,1
Ryan Manning,Defender,Southampton,Ireland,Right,14/06/1996,2.8,0.35,1,0
Bendito Mantato,Midfielder,Manchester United,England,Left,25/01/2008,0.0,0.0,0,0
Mateus Mané,Forward,Wolverhampton Wanderers,England,Right,16/09/2007,0.0,0.0,0,0
Sékou Mara,Forward,Southampton,France,Right,30/07/2002,0.0,0.0,0,0
Solly March,Midfielder,Brighton and Hove Albion,England,Left,20/07/1994,0.31,0.09,0,0
Emiliano Marcondes,Midfielder,Bournemouth,Denmark,Right,09/03/1995,0.0,0.0,0,0
Omar Marmoush,Forward,Manchester City,Egypt,Right,07/02/1999,2.12,5.49,0,7
Filip Marschall,Goalkeeper,Aston Villa,England,Right,24/04/2003,0.0,0.0,0,0
Zach Marsh,Forward,Crystal Palace,England,Right,06/10/2005,0.0,0.0,0,0
Callum Marshall,Forward,West Ham United,Northern Ireland,Left,28/11/2004,0.0,0.0,0,0
Anthony Martial,Forward,Manchester United,France,n/a,05/12/1995,0.0,0.0,0,0
Gabriel Martinelli,Forward,Arsenal,Brazil,Right,18/06/2001,4.66,7.41,4,8
Rodrigo Gomes,Forward,Wolverhampton Wanderers,Portugal,Right,07/07/2003,0.0,0.0,0,0
Lisandro Martínez,Defender,Manchester United,Argentina,Left,18/01/1998,1.28,1.3,1,2
Emiliano Martínez,Goalkeeper,Aston Villa,Argentina,Right,02/09/1992,0.0,0.0,0,0
Wanya Marçal,Midfielder,Leicester City,Portugal,Right,19/10/2002,0.0,0.0,0,0
Tawanda Maswanhise,Forward,Leicester City,Zimbabwe,n/a,20/11/2002,0.0,0.0,0,0
Jean-Philippe Mateta,Forward,Crystal Palace,France,Right,28/06/1997,2.27,13.53,2,14
Sam Mather,Midfielder,Manchester United,England,Right,03/09/2004,0.0,0.0,0,0
Roshaun Mathurin,Forward,Crystal Palace,England,n/a,23/01/2004,0.0,0.0,0,0
Joël Matip,Defender,Liverpool,Cameroon,Right,08/08/1991,0.0,0.0,0,0
Alex Matos,Forward,Chelsea,England,Right,03/10/2004,0.0,0.0,0,0
Remi Matthews,Goalkeeper,Crystal Palace,England,Right,10/02/1994,0.0,0.0,0,0
Neal Maupay,Forward,Everton,France,Right,14/08/1996,0.0,0.0,0,0
Stephy Mavididi,Forward,Leicester City,England,Right,31/05/1998,3.26,1.84,1,4
Konstantinos Mavropanos,Defender,West Ham United,Greece,Right,11/12/1997,0.42,1.54,0,0
Ezra Mayers,Defender,West Ham United,England,Left,16/01/2007,0.0,0.0,0,0
Adrian Mazilu,Forward,Brighton and Hove Albion,Romania,Left,13/09/2005,0.0,0.0,0,0
Noussair Mazraoui,Defender,Manchester United,Morocco,Right,14/11/1997,1.87,0.68,1,0
Kevin Mbabu,Defender,Fulham,Switzerland,Right,19/04/1995,0.0,0.0,0,0
Loïc Mbe Soh,Defender,Nottingham Forest,France,Right,13/06/2001,0.0,0.0,0,0
Luke Mbete,Defender,Manchester City,England,Left,18/09/2003,0.0,0.0,0,0
Bryan Mbeumo,Midfielder,Brentford,Cameroon,Left,07/08/1999,9.26,12.26,7,20
James McAtee,Midfielder,Manchester City,England,Left,18/10/2002,0.81,2.8,0,3
Kasey McAteer,Midfielder,Leicester City,Ireland,Right,22/11/2001,0.63,1.03,1,1
Alex McCarthy,Goalkeeper,Southampton,England,Right,03/12/1989,0.0,0.0,0,0
James McConnell,Midfielder,Liverpool,England,Right,13/09/2004,0.0,0.0,0,0
Ruairi McConville,Defender,Brighton and Hove Albion,Northern Ireland,Right,01/05/2005,0.0,0.0,0,0
Jamie McDonnell,Midfielder,Nottingham Forest,Northern Ireland,n/a,16/02/2004,0.0,0.0,0,0
Tom McGill,Goalkeeper,Brighton and Hove Albion,Canada,Right,25/03/2000,0.0,0.0,0,0
John McGinn,Midfielder,Aston Villa,Scotland,Left,18/10/1994,2.71,3.13,4,1
Scott McKenna,Defender,Nottingham Forest,Scotland,Left,12/11/1996,0.0,0.0,0,0
Callan McKenna,Goalkeeper,Bournemouth,Scotland,Right,22/12/2006,0.0,0.0,0,0
Conor McManus,Midfielder,Brentford,Ireland,n/a,16/06/2004,0.0,0.0,0,0
Dwight McNeil,Forward,Everton,England,Left,22/11/1999,4.32,1.09,6,4
Scott McTominay,Midfielder,Manchester United,Scotland,Right,08/12/1996,0.0,0.07,0,0
Dermot Mee,Goalkeeper,Manchester United,Northern Ireland,Right,20/11/2002,0.0,0.0,0,0
Ben Mee,Defender,Brentford,England,Left,21/09/1989,0.03,0.0,0,0
Jayden Meghoma,Defender,Brentford,England,Left,28/06/2006,0.0,0.0,0,0
Hannibal Mejbri,Midfielder,Manchester United,Tunisia,Right,21/01/2003,0.0,0.0,0,0
Sam Morsy,Midfielder,Ipswich Town,Egypt,Right,10/09/1991,1.49,0.44,1,1
Chris Mepham,Defender,Bournemouth,Wales,Right,05/11/1997,0.0,0.0,0,0
Mikel Merino,Midfielder,Arsenal,Spain,Left,22/06/1996,1.18,5.91,2,7
Max Merrick,Goalkeeper,Chelsea,England,Right,10/11/2005,0.0,0.0,0,0
Jenson Metcalfe,Midfielder,Everton,England,Right,06/09/2004,0.0,0.0,0,0
Bastien Meupiyou,Defender,Wolverhampton Wanderers,France,Left,19/03/2006,0.0,0.0,0,0
Stephen Mfuni,Defender,Manchester City,England,n/a,12/02/2008,0.0,0.0,0,0
Shumaira Mheuka,Forward,Chelsea,England,Right,20/10/2007,0.0,0.06,0,0
Alex Mighten,Forward,Nottingham Forest,England,n/a,11/04/2002,0.0,0.0,0,0
Nikola Milenkovic,Defender,Nottingham Forest,Serbia,Right,12/10/1997,0.54,4.02,2,5
Jamie Miley,Midfielder,Newcastle United,England,Right,14/01/2004,0.0,0.0,0,0
Lewis Miley,Midfielder,Newcastle United,England,Right,01/05/2006,0.3,0.55,0,1
James Milner,Midfielder,Brighton and Hove Albion,England,Right,04/01/1986,0.16,0.16,0,0
Tyrone Mings,Defender,Aston Villa,England,Left,13/03/1993,0.25,0.82,0,0
Yankuba Minteh,Forward,Brighton and Hove Albion,Gambia,Left,22/07/2004,5.02,4.11,4,6
Tyrick Mitchell,Defender,Crystal Palace,England,Left,01/09/1999,3.71,1.31,5,0
Kaoru Mitoma,Midfielder,Brighton and Hove Albion,Japan,Right,20/05/1997,4.04,9.16,4,10
Jakub Moder,Midfielder,Brighton and Hove Albion,Poland,Right,07/04/1999,0.54,0.0,0,0
Jeremy Monga,Midfielder,Leicester City,England,n/a,10/07/2009,0.02,0.16,0,0
Zane Monlouis,Defender,Arsenal,England,n/a,16/10/2003,0.0,0.0,0,0
Gonzalo Montiel,Defender,Nottingham Forest,Argentina,Right,01/01/1997,0.0,0.0,0,0
Bradley Moonan,Defender,Everton,England,Right,02/04/2006,0.0,0.0,0,0
Kieffer Moore,Forward,Bournemouth,Wales,Right,08/08/1992,0.0,0.0,0,0
Jayden Moore,Defender,Southampton,England,Right,12/12/2006,0.0,0.0,0,0
Mikey Moore,Forward,Tottenham Hotspur,England,Right,11/08/2007,0.56,0.2,1,0
Kobei Moore,Forward,Aston Villa,England,Right,30/11/2004,0.0,0.0,0,0
Jack Moorhouse,Midfielder,Manchester United,Ireland,Both,29/11/2005,0.0,0.0,0,0
Andrew Moran,Midfielder,Brighton and Hove Albion,Ireland,Right,15/10/2003,0.0,0.0,0,0
Savinho,Forward,Manchester City,Brazil,Left,10/04/2004,6.1,5.01,8,1
Álex Moreno,Defender,Nottingham Forest,Spain,Left,08/06/1993,0.0,0.0,1,0
Iwan Morgan,Forward,Brentford,Wales,Right,29/01/2006,0.0,0.0,0,0
Kieran Morrison,Midfielder,Liverpool,Northern Ireland,Left,09/11/2006,0.0,0.0,0,0
Tyler Morton,Midfielder,Liverpool,England,Right,31/10/2002,0.0,0.0,0,0
Yerson Mosquera,Defender,Wolverhampton Wanderers,Colombia,Right,02/05/2001,0.03,0.35,0,0
Bernardo Silva,Midfielder,Manchester City,Portugal,Left,10/08/1994,4.54,3.9,4,4
Louie Moulden,Goalkeeper,Crystal Palace,England,Right,06/01/2002,0.0,0.0,0,0
Mason Mount,Midfielder,Manchester United,England,Right,10/01/1999,0.58,3.31,0,1
Fabian Mrozek,Goalkeeper,Liverpool,Poland,n/a,28/09/2003,0.0,0.0,0,0
Divin Mubama,Forward,Manchester City,England,Left,25/10/2004,0.0,0.04,0,0
Mykhailo Mudryk,Midfielder,Chelsea,Ukraine,Right,05/01/2001,0.49,0.25,0,0
Anthony Munda,Midfielder,Newcastle United,England,n/a,08/09/2006,0.0,0.0,0,0
Marshall Munetsi,Midfielder,Wolverhampton Wanderers,Zimbabwe,Right,22/06/1996,1.13,3.3,1,2
Rodrigo Muniz,Forward,Fulham,Brazil,Right,04/05/2001,0.22,5.81,1,8
Finley Munroe,Defender,Aston Villa,England,n/a,08/02/2005,0.0,0.0,0,0
Neto,Goalkeeper,Arsenal,Brazil,Right,19/07/1989,0.0,0.0,0,0
William Murdock,Goalkeeper,Manchester United,Northern Ireland,Both,26/05/2007,0.0,0.0,0,0
Arijanet Muric,Goalkeeper,Ipswich Town,Kosovo,Right,07/11/1998,0.0,0.0,0,0
Jacob Murphy,Midfielder,Newcastle United,England,Right,24/02/1995,6.15,5.72,12,8
Alex Murphy,Defender,Newcastle United,Ireland,Left,25/06/2004,0.0,0.0,0,0
Sam Murray,Defender,Manchester United,England,Left,25/09/2004,0.0,0.0,0,0
Harrison Murray-Campbell,Defender,Chelsea,England,Right,04/08/2006,0.0,0.0,0,0
Mateusz Musialowski,Forward,Liverpool,Poland,n/a,16/10/2003,0.0,0.0,0,0
Hindolo Mustapha,Midfielder,Crystal Palace,Sierra Leone,n/a,29/07/2006,0.0,0.0,0,0
Daniel Muñoz,Defender,Crystal Palace,Colombia,Right,26/05/1996,3.57,4.93,5,4
Vitalii Mykolenko,Defender,Everton,Ukraine,Left,29/05/1999,2.21,0.49,2,1
Amara Nallo,Defender,Liverpool,England,Both,18/11/2006,0.0,0.0,0,0
Igor Thiago,Forward,Brentford,Brazil,Right,26/06/2001,0.04,0.13,0,0
Andrey Santos,Midfielder,Chelsea,Brazil,Right,03/05/2004,0.0,0.0,0,0
Corrie Ndaba,Defender,Ipswich Town,England,n/a,25/12/1999,0.0,0.0,0,0
Joel Ndala,Forward,Nottingham Forest,England,Right,31/05/2006,0.0,0.0,0,0
Iliman Ndiaye,Forward,Everton,Senegal,Right,06/03/2000,0.0,0.0,0,0
Wilfred Ndidi,Midfielder,Leicester City,Nigeria,Right,16/12/1996,1.51,2.01,5,0
Michael Ndiweni,Forward,Newcastle United,England,Right,02/12/2003,0.0,0.0,0,0
Tanguy Ndombélé,Midfielder,Tottenham Hotspur,France,Right,28/12/1996,0.0,0.0,0,0
Sean Neave,Forward,Newcastle United,England,n/a,27/05/2007,0.0,0.0,0,0
Kosta Nedeljkovic,Defender,Aston Villa,Serbia,Right,16/12/2005,0.02,0.0,0,0
Reiss Nelson,Forward,Fulham,England,Right,10/12/1999,0.97,1.1,1,1
Ben Nelson,Defender,Leicester City,England,Right,18/03/2004,0.0,0.0,0,0
João Virgínia,Goalkeeper,Everton,Portugal,Left,10/10/1999,0.0,0.0,0,0
Rio Ngumoha,Forward,Liverpool,England,Right,29/08/2008,0.0,0.0,0,0
Moussa Niakhaté,Defender,Nottingham Forest,Senegal,Left,08/03/1996,0.0,0.0,0,0
Josh Nichols,Defender,Arsenal,England,Right,26/07/2006,0.0,0.0,0,0
Eddie Nketiah,Forward,Crystal Palace,England,Right,30/05/1999,0.87,5.74,1,3
Christopher Nkunku,Forward,Chelsea,France,Right,14/11/1997,1.0,4.83,2,3
James Norris,Defender,Liverpool,England,n/a,04/04/2003,0.0,0.0,0,0
Aniek Nouwen,Defender,Crystal Palace,Netherlands,Right,09/03/1999,0.0,0.0,0,0
Matheus Nunes,Midfielder,Manchester City,Portugal,Right,27/08/1998,3.32,1.22,6,1
Gustavo Nunes,Forward,Brentford,Brazil,Right,20/11/2005,0.0,0.0,0,0
Ethan Nwaneri,Midfielder,Arsenal,England,Left,21/03/2007,1.79,1.18,2,4
Lucas Nygaard,Goalkeeper,Arsenal,Denmark,n/a,26/06/2006,0.0,0.0,0,0
Treymaurice Nyoni,Midfielder,Liverpool,England,Right,30/06/2007,0.0,0.0,0,0
Christian Nørgaard,Midfielder,Brentford,Denmark,Right,10/03/1994,1.37,4.36,4,5
Darwin Núñez,Forward,Liverpool,Uruguay,Right,24/06/1999,0.52,5.71,2,5
Lewis O'Brien,Midfielder,Nottingham Forest,England,Left,14/10/1998,0.0,0.0,0,0
Jake O'Brien,Defender,Everton,Ireland,Right,15/05/2001,0.32,0.78,0,2
Joseph O'Brien-Whitmarsh,Midfielder,Southampton,Ireland,Right,11/05/2005,0.0,0.0,0,0
Nico O'Reilly,Midfielder,Manchester City,England,Left,21/03/2005,0.68,1.29,0,2
Matt O'Riley,Midfielder,Brighton and Hove Albion,Denmark,Left,21/11/2000,1.97,2.82,2,2
Dara O'Shea,Defender,Ipswich Town,Ireland,Right,04/03/1999,0.69,1.27,2,0
Chido Obi,Forward,Manchester United,Denmark,Right,29/11/2007,0.03,0.66,0,0
Justin Oboavwoduo,Forward,Manchester City,England,Right,23/08/2006,0.0,0.0,0,0
Wilson Odobert,Forward,Tottenham Hotspur,France,Right,28/11/2004,0.76,1.61,0,1
Odeluga Offiah,Defender,Brighton and Hove Albion,England,Right,26/10/2002,0.0,0.0,0,0
Chiedozie Ogbene,Forward,Ipswich Town,Ireland,Right,01/05/1997,0.05,0.0,0,0
Angelo Ogbonna,Defender,West Ham United,Italy,Left,23/05/1988,0.0,0.0,0,0
Habeeb Ogunneye,Defender,Manchester United,England,Right,12/11/2005,0.0,0.0,0,0
Temple Ojinnaka,Midfielder,Wolverhampton Wanderers,Italy,n/a,30/03/2005,0.0,0.0,0,0
Wes Okoduwa,Defender,Wolverhampton Wanderers,England,Right,12/05/2008,0.0,0.0,0,0
Caleb Okoli,Defender,Leicester City,Italy,Right,13/07/2001,0.18,0.62,0,1
Arthur Okonkwo,Goalkeeper,Arsenal,England,Right,09/09/2001,0.0,0.0,0,0
Michael Olakigbe,Forward,Brentford,England,n/a,25/04/2004,0.0,0.0,0,0
Michael Olise,Midfielder,Crystal Palace,France,Left,12/12/2001,0.0,0.0,0,0
Richard Olise,Defender,Chelsea,England,Right,09/09/2004,0.0,0.0,0,0
Marquinhos,Forward,Arsenal,Brazil,Left,07/04/2003,0.0,0.0,0,0
Robin Olsen,Goalkeeper,Aston Villa,Sweden,Right,08/01/1990,0.0,0.0,0,0
Callum Olusesi,Midfielder,Tottenham Hotspur,England,Right,11/03/2007,0.0,0.0,0,0
Andrew Omobamidele,Defender,Nottingham Forest,Ireland,Right,23/06/2002,0.0,0.0,0,0
André Onana,Goalkeeper,Manchester United,Cameroon,Right,02/04/1996,0.0,0.0,0,0
Amadou Onana,Midfielder,Aston Villa,Belgium,Right,16/08/2001,0.84,2.12,0,3
Paul Onuachu,Forward,Southampton,Nigeria,Right,28/05/1994,0.28,3.62,1,4
Tyler Onyango,Midfielder,Everton,England,Right,04/03/2003,0.0,0.0,0,0
Frank Onyeka,Midfielder,Brentford,Nigeria,Right,01/01/1998,0.02,0.0,0,0
Lewis Orford,Midfielder,West Ham United,England,Right,18/02/2006,0.04,0.03,0,0
Divock Origi,Forward,Nottingham Forest,Belgium,Both,18/04/1995,0.0,0.0,0,0
Stefan Ortega,Goalkeeper,Manchester City,Germany,Right,06/11/1992,0.0,0.0,0,0
Ibrahim Osman,Forward,Brighton and Hove Albion,Ghana,Right,29/11/2004,0.0,0.0,0,0
Esapa Osong,Forward,Nottingham Forest,England,n/a,21/09/2004,0.0,0.0,0,0
William Osula,Forward,Newcastle United,Denmark,Right,04/08/2003,0.06,0.16,0,1
Dango Ouattara,Forward,Bournemouth,Burkina Faso,Left,11/02/2002,3.29,8.36,4,7
Salah-Eddine Oulad M'hand,Midfielder,Arsenal,Netherlands,Right,20/08/2003,0.0,0.0,0,0
Riley Owen,Midfielder,Brentford,England,n/a,24/08/2005,0.0,0.0,0,0
Maxi Oyedele,Midfielder,Manchester United,Poland,Right,07/11/2004,0.0,0.0,0,0
David Ozoh,Midfielder,Crystal Palace,England,Right,06/05/2005,0.0,0.0,0,0
Mark O’Mahony,Forward,Brighton and Hove Albion,Ireland,Right,14/01/2005,0.0,0.0,0,0
Renato Veiga,Midfielder,Chelsea,Portugal,Left,29/07/2003,0.16,0.15,0,0
Alex Palmer,Goalkeeper,Ipswich Town,England,Right,10/08/1996,0.0,0.0,0,0
Cole Palmer,Midfielder,Chelsea,England,Left,06/05/2002,9.14,17.28,8,15
Emerson,Defender,West Ham United,Italy,Left,03/08/1994,2.18,1.95,1,2
Jonathan Panzo,Defender,Nottingham Forest,England,Left,25/10/2000,0.0,0.0,0,0
Ben Parkinson,Forward,Newcastle United,England,Right,10/03/2005,0.0,0.0,0,0
Thomas Partey,Midfielder,Arsenal,Ghana,Right,13/06/1993,2.62,2.29,2,4
Nathan Patterson,Defender,Everton,Scotland,Right,16/10/2001,0.38,0.07,1,0
Travis Patterson,Defender,Aston Villa,England,Right,06/10/2005,0.0,0.0,0,0
Alex Paulsen,Goalkeeper,Bournemouth,New Zealand,Right,04/07/2002,0.0,0.0,0,0
Myles Peart-Harris,Midfielder,Brentford,England,Right,18/09/2002,0.0,0.0,0,0
Facundo Pellistri,Midfielder,Manchester United,Uruguay,Right,20/12/2001,0.0,0.0,0,0
Mike Penders,Goalkeeper,Chelsea,Belgium,Left,31/07/2005,0.0,0.0,0,0
Panutche Camará,Midfielder,Ipswich Town,Guinea-Bissau,n/a,28/02/1997,0.0,0.0,0,0
Ivan Perisic,Midfielder,Tottenham Hotspur,Croatia,Both,02/02/1989,0.0,0.0,0,0
Máximo Perrone,Midfielder,Manchester City,Argentina,Left,07/01/2003,0.0,0.0,0,0
Ben Perry,Midfielder,Nottingham Forest,England,Right,11/10/2004,0.0,0.0,0,0
Djordje Petrovic,Goalkeeper,Chelsea,Serbia,Right,08/10/1999,0.0,0.0,0,0
Cameron Peupion,Midfielder,Brighton and Hove Albion,Australia,Right,23/09/2002,0.0,0.0,0,0
Kalvin Phillips,Midfielder,Ipswich Town,England,Right,02/12/1995,0.48,0.43,0,0
Nathaniel Phillips,Defender,Liverpool,England,Right,21/03/1997,0.0,0.0,0,0
Killian Phillips,Midfielder,Crystal Palace,Ireland,n/a,30/03/2002,0.0,0.0,0,0
Ashley Phillips,Defender,Tottenham Hotspur,England,Right,26/06/2005,0.0,0.0,0,0
Jaden Philogene,Forward,Ipswich Town,England,Right,08/02/2002,0.17,0.47,0,2
Jordan Pickford,Goalkeeper,Everton,England,Left,07/03/1994,0.0,0.0,1,0
Ethan Pinnock,Defender,Brentford,Jamaica,Left,29/05/1993,0.65,1.09,0,2
Cameron Plain,Goalkeeper,Bournemouth,England,n/a,24/09/2001,0.0,0.0,0,0
Luke Plange,Forward,Crystal Palace,England,Right,04/11/2002,0.0,0.0,0,0
Alfie Pond,Defender,Wolverhampton Wanderers,England,Right,01/03/2004,0.0,0.0,0,0
Nick Pope,Goalkeeper,Newcastle United,England,Right,19/04/1992,0.0,0.0,0,0
Chris Popov,Midfielder,Leicester City,Wales,Left,26/10/2004,0.0,0.0,0,0
Pedro Porro,Defender,Tottenham Hotspur,Spain,Right,13/09/1999,4.64,1.6,6,2
Jack Porter,Goalkeeper,Arsenal,England,Right,15/07/2008,0.0,0.0,0,0
Freddie Potts,Midfielder,West Ham United,England,Right,12/09/2003,0.0,0.0,0,0
Dennis Praet,Midfielder,Leicester City,Belgium,Right,14/05/1994,0.0,0.0,0,0
Sam Proctor,Goalkeeper,Aston Villa,England,n/a,21/12/2006,0.0,0.0,0,0
Jarell Quansah,Defender,Liverpool,England,Right,29/01/2003,0.2,0.1,0,0
Andrei Radu,Goalkeeper,Bournemouth,Romania,Right,28/05/1997,0.0,0.0,0,0
Arjan Raikhy,Midfielder,Leicester City,England,Right,20/10/2002,0.0,0.0,0,0
Jesurun Rak-Sakyi,Midfielder,Crystal Palace,England,Left,05/10/2002,0.0,0.0,0,0
Samuel Rak-Sakyi,Midfielder,Chelsea,England,Left,27/03/2005,0.0,0.0,0,0
Youssef Chermiti,Forward,Everton,Portugal,Right,24/05/2004,0.0,0.11,0,0
Calvin Ramsay,Defender,Liverpool,Scotland,Right,31/07/2003,0.0,0.0,0,0
Aaron Ramsdale,Goalkeeper,Southampton,England,Right,14/05/1998,0.0,0.0,0,0
Jacob Ramsey,Midfielder,Aston Villa,England,Right,28/05/2001,2.19,1.57,3,1
Darren Randolph,Goalkeeper,Bournemouth,Ireland,n/a,12/05/1987,0.0,0.0,0,0
Marcus Rashford,Forward,Aston Villa,England,Right,31/10/1997,2.1,3.06,3,6
Luke Rawlings,Midfielder,Wolverhampton Wanderers,England,Right,04/04/2008,0.0,0.0,0,0
David Raya,Goalkeeper,Arsenal,Spain,Right,15/09/1995,0.0,0.0,0,0
Jadan Raymond,Midfielder,Crystal Palace,Wales,n/a,15/10/2003,0.0,0.0,0,0
Tim Ream,Defender,Fulham,United States,n/a,05/10/1987,0.0,0.0,0,0
Harrison Reed,Midfielder,Fulham,England,Right,27/01/1995,0.1,0.23,0,0
Remy Rees-Dottin,Forward,Bournemouth,England,Right,06/03/2006,0.0,0.0,0,0
Sergio Reguilón,Defender,Tottenham Hotspur,Spain,Left,16/12/1996,0.25,0.12,0,0
Omar Rekik,Defender,Arsenal,Tunisia,n/a,20/12/2001,0.0,0.0,0,0
Giovanni Reyna,Midfielder,Nottingham Forest,United States,Right,13/11/2002,0.0,0.0,0,0
Chadi Riad,Defender,Crystal Palace,Morocco,Left,17/06/2003,0.02,0.0,0,0
Declan Rice,Midfielder,Arsenal,England,Right,14/01/1999,5.63,3.51,7,4
Omar Richards,Defender,Nottingham Forest,England,Left,15/02/1998,0.0,0.0,0,0
Chris Richards,Defender,Crystal Palace,United States,Right,28/03/2000,0.61,1.38,0,1
Dujuan Richards,Forward,Chelsea,Jamaica,Left,10/11/2005,0.0,0.0,0,0
Jairo Riedewald,Midfielder,Crystal Palace,Netherlands,Left,09/09/1996,0.0,0.0,0,0
Matt Ritchie,Midfielder,Newcastle United,Scotland,Left,10/09/1989,0.0,0.0,0,0
Andy Robertson,Defender,Liverpool,Scotland,Left,11/03/1994,4.26,1.17,1,0
Antonee Robinson,Defender,Fulham,United States,Left,08/08/1997,4.14,0.69,10,0
Jay Robinson,Forward,Southampton,England,Right,15/03/2007,0.53,0.05,0,0
Junior Robinson,Defender,West Ham United,England,n/a,06/04/2004,0.0,0.0,0,0
Josh Robinson,Defender,Arsenal,England,Right,20/12/2004,0.0,0.0,0,0
Max Robson,Midfielder,Tottenham Hotspur,England,n/a,17/10/2002,0.0,0.0,0,0
Kaden Rodney,Midfielder,Crystal Palace,England,Right,07/10/2004,0.0,0.0,0,0
Joe Rodon,Defender,Tottenham Hotspur,Wales,Right,22/10/1997,0.0,0.0,0,0
Morato,Defender,Nottingham Forest,Brazil,Left,30/06/2001,0.04,0.18,0,0
Guido Rodríguez,Midfielder,West Ham United,Argentina,Right,12/04/1994,0.18,0.23,1,0
Marek Rodák,Goalkeeper,Fulham,Slovakia,n/a,13/12/1996,0.0,0.0,0,0
Mads Roerslev,Defender,Brentford,Denmark,Right,24/06/1999,2.11,0.2,2,0
Morgan Rogers,Forward,Aston Villa,England,Right,26/07/2002,5.24,6.58,10,8
Alexei Rojas,Goalkeeper,Arsenal,Colombia,Right,28/09/2005,0.0,0.0,0,0
Cristian Romero,Defender,Tottenham Hotspur,Argentina,Right,27/04/1998,0.82,1.59,0,1
Reggie Rose,Goalkeeper,Brentford,England,n/a,26/04/2005,0.0,0.0,0,0
Michal Rosiak,Defender,Arsenal,Poland,Right,12/10/2005,0.0,0.0,0,0
Joe Rothwell,Midfielder,Bournemouth,England,Right,11/01/1995,0.0,0.0,0,0
Triston Rowe,Defender,Aston Villa,England,Right,02/10/2006,0.0,0.0,0,0
John Ruddy,Goalkeeper,Newcastle United,England,Right,24/10/1986,0.0,0.0,0,0
Carl Rushworth,Goalkeeper,Brighton and Hove Albion,England,Left,02/07/2001,0.0,0.0,0,0
Georginio Rutter,Forward,Brighton and Hove Albion,France,Left,20/04/2002,1.67,4.64,3,5
Dominic Sadi,Forward,Bournemouth,England,Right,02/09/2003,0.0,0.0,0,0
Charles Sagoe Jr,Forward,Arsenal,England,n/a,24/07/2004,0.0,0.0,0,0
Bukayo Saka,Forward,Arsenal,England,Left,05/09/2001,7.8,6.85,10,6
Mohamed Salah,Forward,Liverpool,Egypt,Left,15/06/1992,9.06,25.37,18,29
William Saliba,Defender,Arsenal,France,Right,24/03/2001,1.29,2.28,0,2
Albert Sambi Lokonga,Midfielder,Arsenal,Belgium,Right,22/10/1999,0.0,0.0,0,0
Lakyle Samuel,Defender,Manchester City,England,n/a,06/05/2006,0.0,0.0,0,0
Imari Samuels,Defender,Brighton and Hove Albion,England,Left,05/02/2003,0.0,0.0,0,0
Ishé Samuels-Smith,Defender,Chelsea,England,Left,05/06/2006,0.0,0.0,0,0
Adrián,Goalkeeper,Liverpool,Spain,Right,03/01/1987,0.0,0.0,0,0
Jadon Sancho,Forward,Manchester United,England,Right,25/03/2000,3.11,2.17,4,3
Ibrahim Sangaré,Midfielder,Nottingham Forest,Cote d’Ivoire,Right,02/12/1997,0.21,0.02,1,0
Ederson,Goalkeeper,Manchester City,Brazil,Left,17/08/1993,0.0,0.0,4,0
Yago Santiago,Forward,Tottenham Hotspur,Spain,Right,15/04/2003,0.0,0.0,0,0
Welington,Defender,Southampton,Brazil,Left,19/02/2001,0.16,0.04,0,0
Matheus Cunha,Forward,Wolverhampton Wanderers,Brazil,Right,27/05/1999,5.28,8.63,6,15
Diego Carlos,Defender,Aston Villa,Brazil,Right,15/03/1993,0.09,0.65,0,0
Trevan Sanusi,Forward,Newcastle United,England,Right,25/04/2007,0.0,0.0,0,0
Pablo Sarabia,Midfielder,Wolverhampton Wanderers,Spain,Left,11/05/1992,1.89,2.88,2,3
Jeremy Sarmiento,Midfielder,Brighton and Hove Albion,Ecuador,Right,16/06/2002,0.0,0.0,0,0
Malang Sarr,Defender,Chelsea,France,Left,23/01/1999,0.0,0.0,0,0
Ismaïla Sarr,Forward,Crystal Palace,Senegal,Right,25/02/1998,6.74,10.72,6,8
Pape Sarr,Midfielder,Tottenham Hotspur,Senegal,Right,14/09/2002,0.79,3.72,2,3
Calum Scanlon,Defender,Liverpool,England,Left,14/02/2005,0.0,0.0,0,0
James Scanlon,Midfielder,Manchester United,Gibraltar,Right,28/09/2006,0.0,0.0,0,0
Ollie Scarles,Defender,West Ham United,England,Left,12/12/2005,0.0,0.0,0,0
Dane Scarlett,Forward,Tottenham Hotspur,England,Right,24/03/2004,0.0,0.04,1,0
Kevin Schade,Midfielder,Brentford,Germany,Right,27/11/2001,1.76,8.2,2,11
Kjell Scherpen,Goalkeeper,Brighton and Hove Albion,Netherlands,Right,23/01/2000,0.0,0.0,0,0
Jeffrey Schlupp,Midfielder,Crystal Palace,Ghana,Both,23/12/1992,0.15,0.16,0,0
Fabian Schär,Defender,Newcastle United,Switzerland,Right,20/12/1991,1.03,3.8,0,4
Alex Scott,Midfielder,Bournemouth,England,Right,21/08/2003,1.01,0.75,0,0
Kristian Sekularac,Midfielder,Fulham,Switzerland,Right,07/12/2003,0.0,0.0,0,0
Matz Sels,Goalkeeper,Nottingham Forest,Belgium,Right,26/02/1992,0.0,0.0,0,0
Antoine Semenyo,Forward,Bournemouth,Ghana,Right,07/01/2000,4.35,9.98,5,11
Marcos Senesi,Defender,Bournemouth,Argentina,Left,10/05/1997,0.49,0.84,0,0
Ryan Sessegnon,Midfielder,Fulham,England,Left,18/05/2000,1.13,1.64,2,4
Tommy Setford,Goalkeeper,Arsenal,England,Right,13/03/2006,0.0,0.0,0,0
Leo Shahar,Defender,Newcastle United,England,Right,18/03/2007,0.0,0.0,0,0
Teddy Sharman-Lowe,Goalkeeper,Chelsea,England,Right,30/03/2003,0.0,0.0,0,0
Luke Shaw,Defender,Manchester United,England,Left,12/07/1995,0.77,0.03,0,0
Jonjo Shelvey,Midfielder,Nottingham Forest,England,Right,27/02/1992,0.0,0.0,0,0
Martin Sherif,Forward,Everton,Netherlands,Left,10/06/2006,0.0,0.0,0,0
Shola Shoretire,Forward,Manchester United,England,Right,02/02/2004,0.0,0.0,0,0
Zain Silcott-Duberry,Forward,Bournemouth,England,Right,09/07/2005,0.0,0.0,0,0
Lyanco,Defender,Southampton,Brazil,Right,01/02/1997,0.0,0.0,0,0
Abdallah Sima,Forward,Brighton and Hove Albion,Senegal,Right,17/06/2001,0.0,0.0,0,0
Freddie Simmonds,Defender,Brighton and Hove Albion,England,Right,09/03/2008,0.0,0.0,0,0
Jahmai Simpson-Pusey,Defender,Manchester City,England,Right,04/11/2005,0.02,0.0,0,0
Luis Sinisterra,Forward,Bournemouth,Colombia,Right,17/06/1999,1.31,1.21,1,1
Oliver Skipp,Midfielder,Leicester City,England,Right,16/09/2000,0.0,0.0,0,0
Jacob Slater,Defender,Brighton and Hove Albion,Ireland,Left,05/10/2004,0.0,0.0,0,0
Cieran Slicker,Goalkeeper,Ipswich Town,Scotland,Right,15/09/2002,0.0,0.0,0,0
Gaga Slonina,Goalkeeper,Chelsea,United States,Right,15/05/2004,0.0,0.0,0,0
Will Smallbone,Midfielder,Southampton,Ireland,Right,21/02/2000,0.91,0.56,0,1
Adam Smith,Defender,Bournemouth,England,Right,29/04/1991,0.68,0.65,0,0
Emile Smith Rowe,Midfielder,Fulham,England,Right,28/07/2000,2.04,4.54,3,6
Fábio Silva,Forward,Wolverhampton Wanderers,Portugal,Right,19/07/2002,0.0,0.0,0,0
Douglas Luiz,Midfielder,Aston Villa,Brazil,Right,09/05/1998,0.0,0.0,0,0
Dominic Solanke,Forward,Tottenham Hotspur,England,Right,14/09/1997,1.15,10.97,3,9
Carlos Soler,Midfielder,West Ham United,Spain,Right,02/01/1997,1.9,1.85,1,1
Julio Soler,Defender,Bournemouth,Argentina,Left,16/02/2005,0.0,0.0,0,0
Manor Solomon,Forward,Tottenham Hotspur,Israel,Both,24/07/1999,0.0,0.0,0,0
Son Heung-Min,Forward,Tottenham Hotspur,South Korea,Both,08/07/1992,5.13,7.35,9,7
Ramón Sosa,Forward,Nottingham Forest,Paraguay,Right,31/08/1999,0.36,1.01,0,1
Tomás Soucek,Midfielder,West Ham United,Czech Republic,Right,27/02/1995,1.26,6.9,1,9
Boubakary Soumaré,Midfielder,Leicester City,France,Right,27/02/1999,1.03,0.26,0,0
Lino Sousa,Defender,Aston Villa,England,Left,19/01/2005,0.0,0.0,0,0
Harry Souttar,Defender,Leicester City,Australia,Right,22/10/1998,0.0,0.0,0,0
Djed Spence,Defender,Tottenham Hotspur,England,Right,09/08/2000,1.36,0.56,2,1
Marko Stamenic,Midfielder,Nottingham Forest,New Zealand,Right,19/02/2002,0.0,0.0,0,0
Jay Stansfield,Forward,Fulham,England,Right,24/11/2002,0.0,0.0,0,0
Ellis Stanton,Midfielder,Newcastle United,England,n/a,19/02/2005,0.0,0.0,0,0
Jason Steele,Goalkeeper,Brighton and Hove Albion,England,Right,18/08/1990,0.0,0.0,0,0
Jack Stephens,Defender,Southampton,England,Right,27/01/1994,0.28,0.57,0,1
Luca Stephenson,Midfielder,Liverpool,England,Right,17/09/2003,0.0,0.0,0,0
Raheem Sterling,Forward,Arsenal,England,Both,08/12/1994,0.0,0.0,2,0
Finley Stevens,Defender,Brentford,Wales,Right,10/04/2003,0.0,0.0,0,0
Ross Stewart,Forward,Southampton,Scotland,Right,11/07/1996,0.05,1.1,0,1
Jakub Stolarczyk,Goalkeeper,Leicester City,Poland,Right,19/12/2000,0.0,0.0,0,0
John Stones,Defender,Manchester City,England,Right,28/05/1994,0.18,0.43,0,2
Thomas Strakosha,Goalkeeper,Brentford,Albania,Right,19/03/1995,0.0,0.0,0,0
Jørgen Strand Larsen,Forward,Wolverhampton Wanderers,Norway,Right,06/02/2000,1.04,10.27,4,14
Zak Sturge,Defender,Chelsea,England,Left,15/06/2004,0.0,0.0,0,0
Ronnie Stutter,Forward,Chelsea,England,n/a,06/01/2005,0.0,0.0,0,0
Yukinari Sugawara,Defender,Southampton,Japan,Right,28/06/2000,2.46,0.49,1,1
Kamaldeen Sulemana,Midfielder,Southampton,Ghana,Right,15/02/2002,0.85,1.49,1,1
Crysencio Summerville,Forward,West Ham United,Netherlands,Right,30/10/2001,1.73,1.63,1,1
Mahamadou Susoho,Midfielder,Manchester City,Spain,Right,20/01/2005,0.0,0.0,0,0
James Sweet,Defender,Arsenal,Wales,n/a,03/11/2003,0.0,0.0,0,0
Sil Swinkels,Defender,Aston Villa,Netherlands,Right,06/01/2004,0.0,0.0,0,0
Kamarai Swyer,Midfielder,West Ham United,England,Right,04/12/2002,0.0,0.0,0,0
Freddie Symonds,Defender,Brighton and Hove Albion,n/a,n/a,n/a,0.0,0.0,0,0
Sam Szmodics,Midfielder,Ipswich Town,Ireland,Right,24/09/1995,0.46,3.41,0,4
Dominik Szoboszlai,Midfielder,Liverpool,Hungary,Right,25/10/2000,5.88,7.34,6,6
Robert Sánchez,Goalkeeper,Chelsea,Spain,Left,18/11/1997,0.0,0.0,0,0
Rento Takaoka,Forward,Southampton,Japan,n/a,12/03/2007,0.0,0.0,0,0
Devan Tanton,Defender,Fulham,Colombia,n/a,03/01/2004,0.0,0.0,0,0
Matt Targett,Defender,Newcastle United,England,Left,18/09/1995,0.08,0.0,0,0
James Tarkowski,Defender,Everton,England,Right,19/11/1992,2.35,1.31,1,1
Charlie Tasker,Defender,Brighton and Hove Albion,England,n/a,24/02/2006,0.0,0.0,0,0
Jimi Tauriainen,Midfielder,Chelsea,Finland,Left,08/03/2004,0.0,0.0,0,0
André Gomes,Midfielder,Everton,Portugal,Right,30/07/1993,0.0,0.0,0,0
Chiquinho,Forward,Wolverhampton Wanderers,Portugal,Right,05/02/2000,0.05,0.0,0,0
Marcus Tavernier,Midfielder,Bournemouth,England,Left,22/03/1999,3.65,5.48,5,3
Charlie Taylor,Defender,Southampton,England,Left,18/09/1993,0.15,0.0,0,0
Jack Taylor,Midfielder,Ipswich Town,Ireland,Right,23/06/1998,0.8,0.74,0,1
Tom Taylor,Midfielder,Ipswich Town,n/a,n/a,n/a,0.0,0.0,0,0
Diogo Jota,Forward,Liverpool,Portugal,Right,04/12/1996,1.13,7.92,3,6
Mathys Tel,Forward,Tottenham Hotspur,France,Right,27/04/2005,1.51,2.98,1,2
Kenny Tete,Defender,Fulham,Netherlands,Right,09/10/1995,0.67,1.36,2,0
Luke Thomas,Defender,Leicester City,England,Left,10/06/2001,0.51,0.36,0,0
Silko Thomas,Forward,Leicester City,England,Left,25/06/2004,0.0,0.0,0,0
Ciaran Thompson,Defender,Newcastle United,England,n/a,17/10/2004,0.0,0.0,0,0
Youri Tielemans,Midfielder,Aston Villa,Belgium,Right,07/05/1997,5.65,3.32,7,3
Kieran Tierney,Defender,Arsenal,Scotland,Left,05/06/1997,0.73,0.36,0,1
Jurriën Timber,Defender,Arsenal,Netherlands,Right,17/06/2001,1.27,1.22,3,1
Jean-Clair Todibo,Defender,West Ham United,France,Right,30/12/1999,0.1,0.36,0,0
Harry Toffolo,Defender,Nottingham Forest,England,Left,19/08/1995,0.02,0.02,0,0
Lucas Paquetá,Midfielder,West Ham United,Brazil,Left,27/08/1997,3.29,5.32,0,4
Takehiro Tomiyasu,Defender,Arsenal,Japan,Both,05/11/1998,0.0,0.18,0,0
James Tomkins,Defender,Crystal Palace,England,n/a,29/03/1989,0.0,0.0,0,0
Sandro Tonali,Midfielder,Newcastle United,Italy,Right,08/05/2000,2.76,4.4,2,4
Ivan Toney,Forward,Brentford,England,n/a,16/03/1996,0.0,0.0,0,0
Pau Torres,Defender,Aston Villa,Spain,Left,16/01/1997,0.44,0.52,0,0
Conor Townsend,Defender,Ipswich Town,England,Left,04/03/1993,0.24,0.03,1,0
Hamed Traorè,Midfielder,Bournemouth,Cote d’Ivoire,Right,16/02/2000,0.0,0.0,0,0
Adama Traoré,Forward,Fulham,Spain,Right,25/01/1996,4.53,4.0,7,2
Boubacar Traoré,Midfielder,Wolverhampton Wanderers,Mali,Right,20/08/2001,0.0,0.0,0,0
Mark Travers,Goalkeeper,Bournemouth,Ireland,Right,18/05/1999,0.0,0.0,0,0
Lewis Travis,Midfielder,Ipswich Town,England,Right,16/10/1997,0.0,0.0,0,0
Ryan Trevitt,Midfielder,Brentford,England,Right,12/03/2003,0.0,0.0,0,0
André,Midfielder,Wolverhampton Wanderers,Brazil,Right,16/07/2001,0.66,0.42,0,0
Kieran Trippier,Defender,Newcastle United,England,Right,19/09/1990,1.45,0.12,3,0
Leandro Trossard,Forward,Arsenal,Belgium,Right,04/12/1994,4.11,7.21,7,8
Kostas Tsimikas,Defender,Liverpool,Greece,Left,12/05/1996,2.32,0.38,1,0
Axel Tuanzebe,Defender,Ipswich Town,DR Congo,Right,14/11/1997,0.28,0.2,1,0
Matt Turner,Goalkeeper,Crystal Palace,United States,Right,24/06/1994,0.0,0.0,0,0
Jay Turner-Cooke,Midfielder,Newcastle United,England,Left,31/12/2003,0.0,0.0,0,0
Ed Turns,Defender,Brighton and Hove Albion,Wales,Left,18/10/2002,0.0,0.0,0,0
Harry Tyrer,Goalkeeper,Everton,England,Right,06/12/2001,0.0,0.0,0,0
Destiny Udogie,Defender,Tottenham Hotspur,Italy,Left,28/11/2002,1.2,0.3,1,0
Manuel Ugarte,Midfielder,Manchester United,Uruguay,Right,11/04/2001,0.69,1.01,2,1
Lesley Ugochukwu,Midfielder,Southampton,France,Right,26/03/2004,0.0,0.0,1,1
Franco Umeh-Chibueze,Forward,Crystal Palace,Ireland,Left,26/01/2005,0.0,0.0,0,0
Deniz Undav,Forward,Brighton and Hove Albion,Germany,Right,19/07/1996,0.0,0.0,0,0
Hákon Valdimarsson,Goalkeeper,Brentford,Iceland,Right,13/10/2001,0.0,0.0,0,0
Harvey Vale,Midfielder,Chelsea,England,Left,11/09/2003,0.0,0.0,0,0
Raphaël Varane,Defender,Manchester United,France,Right,25/04/1993,0.0,0.0,0,0
Jamie Vardy,Forward,Leicester City,England,Right,11/01/1987,2.57,11.22,4,9
Nuno Tavares,Defender,Arsenal,Portugal,Left,26/01/2000,0.0,0.0,0,0
Joël Veltman,Defender,Brighton and Hove Albion,Netherlands,Right,15/01/1992,1.33,0.47,0,0
Bart Verbruggen,Goalkeeper,Brighton and Hove Albion,Netherlands,Right,18/08/2002,0.0,0.0,1,0
Jannik Vestergaard,Defender,Leicester City,Denmark,Left,03/08/1992,0.11,0.1,0,0
Guglielmo Vicario,Goalkeeper,Tottenham Hotspur,Italy,Right,07/10/1996,0.0,0.0,0,0
Odysseas Vlachodimos,Goalkeeper,Newcastle United,Greece,Right,26/04/1994,0.0,0.0,0,0
Alejo Véliz,Forward,Tottenham Hotspur,Argentina,Right,19/09/2003,0.0,0.0,0,0
Radek Vítek,Goalkeeper,Manchester United,Czech Republic,Right,24/10/2003,0.0,0.0,0,0
Kyle Walker,Defender,Manchester City,England,Right,28/05/1990,1.34,0.14,0,0
Kyle Walker-Peters,Defender,Southampton,England,Right,13/04/1997,2.3,0.84,2,0
Reggie Walsh,Midfielder,Chelsea,England,n/a,20/10/2008,0.0,0.0,0,0
Reuell Walters,Defender,Arsenal,England,Right,16/12/2004,0.0,0.0,0,0
Christian Walton,Goalkeeper,Ipswich Town,England,Left,09/11/1995,0.0,0.0,0,0
Aaron Wan-Bissaka,Defender,West Ham United,England,Right,26/11/1997,2.78,1.19,5,2
Joel Ward,Defender,Crystal Palace,England,Right,29/10/1989,0.01,0.0,0,0
Danny Ward,Goalkeeper,Leicester City,Wales,Right,22/06/1993,0.0,0.0,0,0
James Ward-Prowse,Midfielder,West Ham United,England,Right,01/11/1994,1.81,1.65,2,1
Lewis Warrington,Midfielder,Everton,England,Right,10/10/2002,0.0,0.0,0,0
Ollie Watkins,Forward,Aston Villa,England,Right,30/12/1995,2.07,15.38,8,16
Adam Webster,Defender,Brighton and Hove Albion,England,Right,04/01/1995,0.27,0.25,0,0
Jensen Weir,Midfielder,Brighton and Hove Albion,England,Right,31/01/2002,0.0,0.0,0,0
Danny Welbeck,Forward,Brighton and Hove Albion,England,Right,26/11/1990,1.38,9.57,4,10
Reece Welch,Defender,Everton,England,n/a,19/09/2003,0.0,0.0,0,0
Jack Wells-Morrison,Midfielder,Crystal Palace,England,n/a,18/02/2004,0.0,0.0,0,0
Timo Werner,Forward,Tottenham Hotspur,Germany,Right,06/03/1996,1.52,0.98,3,0
Adam Wharton,Midfielder,Crystal Palace,England,Left,06/02/2004,2.18,0.37,2,0
Ethan Wheatley,Forward,Manchester United,England,Right,20/01/2006,0.0,0.0,0,0
Ben White,Defender,Arsenal,England,Right,08/10/1997,1.41,0.46,2,0
Joe White,Midfielder,Newcastle United,England,Left,01/10/2002,0.0,0.0,0,0
Alfie Whiteman,Goalkeeper,Tottenham Hotspur,England,Right,02/10/1998,0.0,0.0,0,0
Matthew Whittingham,Midfielder,Wolverhampton Wanderers,England,Left,21/10/2004,0.0,0.0,0,0
Joe Whitworth,Goalkeeper,Crystal Palace,England,Right,29/02/2004,0.0,0.0,0,0
Mats Wieffer,Midfielder,Brighton and Hove Albion,Netherlands,Right,16/11/1999,1.01,0.75,4,1
Caleb Wiley,Defender,Chelsea,United States,Left,22/12/2004,0.0,0.0,0,0
Neco Williams,Defender,Nottingham Forest,Wales,Right,13/04/2001,1.53,2.3,3,1
Rhys Williams,Defender,Liverpool,England,Right,03/02/2001,0.0,0.0,0,0
Brandon Williams,Defender,Manchester United,England,n/a,03/09/2000,0.0,0.0,0,0
Dylan Williams,Defender,Chelsea,England,n/a,13/09/2003,0.0,0.0,0,0
Ethan Williams,Midfielder,Manchester United,England,n/a,14/11/2005,0.0,0.0,0,0
Luca Williams-Barnett,Forward,Tottenham Hotspur,England,Both,01/04/2008,0.0,0.0,0,0
Joe Willock,Midfielder,Newcastle United,England,Right,20/08/1999,0.93,1.63,2,0
Harry Wilson,Midfielder,Fulham,Wales,Left,22/03/1997,1.17,4.2,1,6
Kaiden Wilson,Defender,Chelsea,England,Right,02/09/2005,0.0,0.0,0,0
Callum Wilson,Forward,Newcastle United,England,Both,27/02/1992,0.09,0.38,0,0
Thomas Wilson-Brown,Defender,Leicester City,England,Left,05/10/2004,0.0,0.0,0,0
Josh Wilson-Esbrand,Defender,Manchester City,England,Left,26/12/2002,0.0,0.0,0,0
Harry Winks,Midfielder,Leicester City,England,Right,02/02/1996,1.53,0.22,2,0
Ben Winterbottom,Goalkeeper,Brentford,England,Left,16/07/2001,0.0,0.0,0,0
Ben Winterburn,Midfielder,Bournemouth,England,Right,04/09/2004,0.0,0.0,0,0
Yoane Wissa,Midfielder,Brentford,DR Congo,Right,03/09/1996,1.83,18.59,4,19
Nathan Wood,Defender,Southampton,England,Right,31/05/2002,0.05,0.23,0,0
Chris Wood,Forward,Nottingham Forest,New Zealand,Right,07/12/1991,1.52,13.35,3,20
Luke Woolfenden,Defender,Ipswich Town,England,Right,21/10/1998,0.05,0.03,0,0
Joe Worrall,Defender,Nottingham Forest,England,Right,10/01/1997,0.0,0.0,0,0
James Wright,Goalkeeper,Aston Villa,England,n/a,02/12/2004,0.0,0.0,0,0
Jacob Wright,Midfielder,Manchester City,England,Right,21/09/2005,0.0,0.0,0,0
Malick Yalcouyé,Midfielder,Brighton and Hove Albion,Cote d’Ivoire,Right,18/11/2005,0.0,0.0,0,0
Yang Min-Hyeok,Forward,Tottenham Hotspur,South Korea,Right,16/04/2006,0.0,0.0,0,0
Yehor Yarmoliuk,Midfielder,Brentford,Ukraine,Both,01/03/2004,0.91,0.61,0,0
Ryan Yates,Midfielder,Nottingham Forest,England,Right,21/11/1997,0.5,2.3,1,2
Tony Yogane,Midfielder,Brentford,England,Right,24/09/2005,0.0,0.0,0,0
Leny Yoro,Defender,Manchester United,France,Right,13/11/2005,0.17,0.7,0,0
Ashley Young,Defender,Everton,England,Both,09/07/1985,2.91,0.27,3,1
Ranel Young,Forward,Liverpool,England,Right,26/12/2005,0.0,0.0,0,0
Kadan Young,Forward,Aston Villa,England,Right,19/01/2006,0.0,0.0,0,0
Illia Zabarnyi,Defender,Bournemouth,Ukraine,Right,01/09/2002,0.76,1.27,1,0
Nicolò Zaniolo,Midfielder,Aston Villa,Italy,Left,02/07/1999,0.0,0.0,0,0
Oleksandr Zinchenko,Defender,Arsenal,Ukraine,Left,15/12/1996,0.52,0.65,1,0
Joshua Zirkzee,Forward,Manchester United,Netherlands,Right,22/05/2001,1.07,4.82,1,3
Kurt Zouma,Defender,West Ham United,France,Right,27/10/1994,0.0,0.0,0,0
Oliwier Zych,Goalkeeper,Aston Villa,Poland,Right,28/06/2004,0.0,0.0,0,0
Diego Moreira,Forward,Chelsea,Belgium,Left,06/08/2004,0.0,0.0,0,0
Eric da Silva Moreira,Forward,Nottingham Forest,Germany,Right,03/05/2006,0.0,0.0,0,0
Felipe,Defender,Nottingham Forest,Brazil,Right,16/05/1989,0.0,0.0,0,0
Richarlison,Forward,Tottenham Hotspur,Brazil,Right,10/05/1997,0.61,3.72,1,4
Marcelo Pitaluga,Goalkeeper,Liverpool,Brazil,n/a,20/12/2002,0.0,0.0,0,0
Gabriel Jesus,Forward,Arsenal,Brazil,Right,03/04/1997,0.52,2.99,0,3
Matthijs de Ligt,Defender,Manchester United,Netherlands,Right,12/08/1999,0.27,2.46,0,2
Evanilson,Forward,Bournemouth,Brazil,Both,06/10/1999,1.78,12.49,1,10
Vitor Reis,Defender,Manchester City,Brazil,Right,12/01/2006,0.0,0.0,0,0
Deivid Washington,Forward,Chelsea,Brazil,Right,05/06/2005,0.0,0.0,0,0
Antony,Forward,Manchester United,Brazil,Left,24/02/2000,0.21,1.02,0,0
Rúben Dias,Defender,Manchester City,Portugal,Right,14/05/1997,1.19,1.5,0,0
Gabriel Magalhães,Defender,Arsenal,Brazil,Left,19/12/1997,1.2,2.61,1,3
Carlos Miguel,Goalkeeper,Nottingham Forest,Brazil,Left,09/10/1998,0.0,0.0,0,0
Danilo,Midfielder,Nottingham Forest,Brazil,Left,29/04/2001,0.02,0.0,0,0
Igor Julio,Defender,Brighton and Hove Albion,Brazil,Left,07/02/1998,0.27,0.05,0,0
Virgil van Dijk,Defender,Liverpool,Netherlands,Right,08/07/1991,0.98,2.24,1,3
Jan Paul van Hecke,Defender,Brighton and Hove Albion,Netherlands,Right,08/06/2000,1.44,1.34,1,1
Donny van de Beek,Midfielder,Manchester United,Netherlands,Right,18/04/1997,0.0,0.0,0,0
Micky van de Ven,Defender,Tottenham Hotspur,Netherlands,Left,19/04/2001,0.7,0.57,2,0
Sepp van den Berg,Defender,Brentford,Netherlands,Right,20/12/2001,0.0,0.0,0,0
Edson Álvarez,Midfielder,West Ham United,Mexico,Both,24/10/1997,0.89,0.38,1,0
Julián Álvarez,Forward,Manchester City,Argentina,Right,31/01/2000,0.0,0.0,0,0
Odsonne Édouard,Forward,Leicester City,France,Right,16/01/1998,0.02,0.39,0,0
Martin Ødegaard,Midfielder,Arsenal,Norway,Left,17/12/1998,6.66,4.81,8,3
Enes Ünal,Forward,Bournemouth,Turkey,Right,10/05/1997,0.26,2.74,1,2
